{
  "strong_cut": 0.33312687701581867,
  "skip_cut": -0.09969934490927698,
  "ranked": [
    [
      "NFLX",
      0.7937052282750116
    ],
    [
      "PM",
      0.7656731135821087
    ],
    [
      "T",
      0.7301502791396115
    ],
    [
      "BK",
      0.5896841815787668
    ],
    [
      "WMT",
      0.5891137990575449
    ],
    [
      "IBM",
      0.5563939101221523
    ],
    [
      "TMUS",
      0.5415782971819962
    ],
    [
      "MO",
      0.5304446804133334
    ],
    [
      "COST",
      0.48823692281154557
    ],
    [
      "GE",
      0.4858998696698516
    ],
    [
      "AVGO",
      0.46848699058223353
    ],
    [
      "MMM",
      0.4140400762631151
    ],
    [
      "JPM",
      0.4108685580987166
    ],
    [
      "V",
      0.38723035933505884
    ],
    [
      "BKNG",
      0.3826004099295502
    ],
    [
      "COF",
      0.35187334337287285
    ],
    [
      "GILD",
      0.35026239304721873
    ],
    [
      "MA",
      0.3473923594857796
    ],
    [
      "WFC",
      0.3396388190871331
    ],
    [
      "RTX",
      0.33835022118803815
    ],
    [
      "GS",
      0.33312687701581867
    ],
    [
      "DUK",
      0.32446628346635903
    ],
    [
      "SO",
      0.3100072099032824
    ],
    [
      "META",
      0.3068420192040026
    ],
    [
      "C",
      0.30597549779799443
    ],
    [
      "AXP",
      0.30562910991538156
    ],
    [
      "ABT",
      0.30488461224363556
    ],
    [
      "VZ",
      0.3034921465088931
    ],
    [
      "NVDA",
      0.2839805696829217
    ],
    [
      "TSLA",
      0.2629385059927132
    ],
    [
      "MS",
      0.26113470558243396
    ],
    [
      "KO",
      0.2560376923994339
    ],
    [
      "AIG",
      0.2449708976943325
    ],
    [
      "EXC",
      0.24363320867385094
    ],
    [
      "SPG",
      0.22696617955212184
    ],
    [
      "BLK",
      0.2157935651025413
    ],
    [
      "DE",
      0.20956080050963885
    ],
    [
      "MSFT",
      0.20758526894034912
    ],
    [
      "CSCO",
      0.20684263823644583
    ],
    [
      "AMT",
      0.2007595546822553
    ],
    [
      "CHTR",
      0.18774310610480271
    ],
    [
      "BAC",
      0.18216072001008693
    ],
    [
      "ABBV",
      0.17786364779419409
    ],
    [
      "MCD",
      0.1730043784240471
    ],
    [
      "CVS",
      0.17144573503501626
    ],
    [
      "MET",
      0.1555682214188404
    ],
    [
      "LIN",
      0.152828662649532
    ],
    [
      "ORCL",
      0.14553798479894975
    ],
    [
      "HON",
      0.13913757185767212
    ],
    [
      "CL",
      0.1348829582013043
    ],
    [
      "AMZN",
      0.09661775898380216
    ],
    [
      "GD",
      0.0926183042232886
    ],
    [
      "DIS",
      0.08780157057757623
    ],
    [
      "LLY",
      0.08615749607010954
    ],
    [
      "HD",
      0.08226224273533919
    ],
    [
      "EMR",
      0.07966265883664735
    ],
    [
      "CRM",
      0.07259556516357836
    ],
    [
      "USB",
      0.05183114428784727
    ],
    [
      "MDT",
      0.040577659865741314
    ],
    [
      "LMT",
      0.03837116487754387
    ],
    [
      "PG",
      0.027650918849148748
    ],
    [
      "AAPL",
      0.025932001587159324
    ],
    [
      "BA",
      0.023013480900950165
    ],
    [
      "PYPL",
      0.021222049166505712
    ],
    [
      "CAT",
      -0.0035417361043169754
    ],
    [
      "JNJ",
      -0.004719512330229488
    ],
    [
      "GOOG",
      -0.005457890664972528
    ],
    [
      "GOOGL",
      -0.007985741741957257
    ],
    [
      "APD",
      -0.012404475892716635
    ],
    [
      "NEE",
      -0.01716195285804265
    ],
    [
      "AMGN",
      -0.017297430564143516
    ],
    [
      "MDLZ",
      -0.025181649613011517
    ],
    [
      "QCOM",
      -0.026079069122926034
    ],
    [
      "F",
      -0.03419356800124164
    ],
    [
      "ACN",
      -0.03507219356423498
    ],
    [
      "XOM",
      -0.03783534918469232
    ],
    [
      "LOW",
      -0.041678061223695426
    ],
    [
      "SBUX",
      -0.05702485533001482
    ],
    [
      "UNP",
      -0.0632947328205504
    ],
    [
      "TXN",
      -0.06538340170723728
    ],
    [
      "BMY",
      -0.09969934490927698
    ],
    [
      "CVX",
      -0.12372345041535382
    ],
    [
      "KHC",
      -0.14887707696441332
    ],
    [
      "DD",
      -0.171318201936486
    ],
    [
      "FDX",
      -0.17195952090955563
    ],
    [
      "CMCSA",
      -0.18741895762665414
    ],
    [
      "DHR",
      -0.21159254701172417
    ],
    [
      "AMD",
      -0.2305736988534204
    ],
    [
      "INTC",
      -0.24221835282732906
    ],
    [
      "COP",
      -0.2455789202782819
    ],
    [
      "ADBE",
      -0.25302942734585054
    ],
    [
      "PFE",
      -0.27303884380123206
    ],
    [
      "UNH",
      -0.279868125483659
    ],
    [
      "PEP",
      -0.324285057606623
    ],
    [
      "TGT",
      -0.3260910057672328
    ],
    [
      "TMO",
      -0.33385772474993325
    ],
    [
      "SLB",
      -0.3449492778886282
    ],
    [
      "MRK",
      -0.3650736332737083
    ],
    [
      "NKE",
      -0.40559417995076263
    ],
    [
      "UPS",
      -0.4071333150109473
    ],
    [
      "DOW",
      -0.5177232147081198
    ]
  ],
  "classifications": {
    "AAPL": "default",
    "ABBV": "default",
    "ABT": "default",
    "ACN": "default",
    "ADBE": "skip",
    "AIG": "default",
    "AMD": "skip",
    "AMGN": "default",
    "AMT": "default",
    "AMZN": "default",
    "APD": "default",
    "AVGO": "strong",
    "AXP": "default",
    "BA": "default",
    "BAC": "default",
    "BK": "strong",
    "BKNG": "strong",
    "BLK": "default",
    "BMY": "default",
    "C": "default",
    "CAT": "default",
    "CHTR": "default",
    "CL": "default",
    "CMCSA": "skip",
    "COF": "strong",
    "COP": "skip",
    "COST": "strong",
    "CRM": "default",
    "CSCO": "default",
    "CVS": "default",
    "CVX": "skip",
    "DD": "skip",
    "DE": "default",
    "DHR": "skip",
    "DIS": "default",
    "DOW": "skip",
    "DUK": "default",
    "EMR": "default",
    "EXC": "default",
    "F": "default",
    "FDX": "skip",
    "GD": "default",
    "GE": "strong",
    "GILD": "strong",
    "GOOG": "default",
    "GOOGL": "default",
    "GS": "strong",
    "HD": "default",
    "HON": "default",
    "IBM": "strong",
    "INTC": "skip",
    "JNJ": "default",
    "JPM": "strong",
    "KHC": "skip",
    "KO": "default",
    "LIN": "default",
    "LLY": "default",
    "LMT": "default",
    "LOW": "default",
    "MA": "strong",
    "MCD": "default",
    "MDLZ": "default",
    "MDT": "default",
    "MET": "default",
    "META": "default",
    "MMM": "strong",
    "MO": "strong",
    "MRK": "skip",
    "MS": "default",
    "MSFT": "default",
    "NEE": "default",
    "NFLX": "strong",
    "NKE": "skip",
    "NVDA": "default",
    "ORCL": "default",
    "PEP": "skip",
    "PFE": "skip",
    "PG": "default",
    "PM": "strong",
    "PYPL": "default",
    "QCOM": "default",
    "RTX": "strong",
    "SBUX": "default",
    "SLB": "skip",
    "SO": "default",
    "SPG": "default",
    "T": "strong",
    "TGT": "skip",
    "TMO": "skip",
    "TMUS": "strong",
    "TSLA": "default",
    "TXN": "default",
    "UNH": "skip",
    "UNP": "default",
    "UPS": "skip",
    "USB": "default",
    "V": "strong",
    "VZ": "default",
    "WFC": "strong",
    "WMT": "strong",
    "XOM": "default"
  }
}