{
  "strong_cut": 0.3331268458378429,
  "skip_cut": -0.09969943138195558,
  "ranked": [
    [
      "NFLX",
      0.7937052282750116
    ],
    [
      "PM",
      0.7656728747723892
    ],
    [
      "T",
      0.7301500936972121
    ],
    [
      "BK",
      0.5896839529620972
    ],
    [
      "WMT",
      0.5891138313269038
    ],
    [
      "IBM",
      0.5563938729422729
    ],
    [
      "TMUS",
      0.541578304395635
    ],
    [
      "MO",
      0.5304446091481957
    ],
    [
      "COST",
      0.4882369950903194
    ],
    [
      "GE",
      0.4858998661267406
    ],
    [
      "AVGO",
      0.46848706862381995
    ],
    [
      "MMM",
      0.4140401494464545
    ],
    [
      "JPM",
      0.41086858434779233
    ],
    [
      "V",
      0.3872303140500128
    ],
    [
      "BKNG",
      0.3826004245766235
    ],
    [
      "COF",
      0.3518732914364613
    ],
    [
      "GILD",
      0.35026233819080627
    ],
    [
      "MA",
      0.34739234488921034
    ],
    [
      "WFC",
      0.3396389142970361
    ],
    [
      "RTX",
      0.33835017561313196
    ],
    [
      "GS",
      0.3331268458378429
    ],
    [
      "DUK",
      0.32446620012158894
    ],
    [
      "SO",
      0.31000717244801274
    ],
    [
      "META",
      0.30684196797622965
    ],
    [
      "C",
      0.3059755376918596
    ],
    [
      "AXP",
      0.3056291091091774
    ],
    [
      "ABT",
      0.304884606935671
    ],
    [
      "VZ",
      0.30349217308804793
    ],
    [
      "NVDA",
      0.28398053842244225
    ],
    [
      "TSLA",
      0.2629385059927132
    ],
    [
      "MS",
      0.2611347704315667
    ],
    [
      "KO",
      0.25603790702652585
    ],
    [
      "AIG",
      0.24497081328059928
    ],
    [
      "EXC",
      0.24363304599081034
    ],
    [
      "SPG",
      0.22696606615449888
    ],
    [
      "BLK",
      0.2157935091209913
    ],
    [
      "DE",
      0.20956087313303562
    ],
    [
      "MSFT",
      0.20758533141133806
    ],
    [
      "CSCO",
      0.20684268231426312
    ],
    [
      "AMT",
      0.20075957194260752
    ],
    [
      "CHTR",
      0.18774310610480271
    ],
    [
      "BAC",
      0.18216069076958114
    ],
    [
      "ABBV",
      0.17786374390532395
    ],
    [
      "MCD",
      0.17300435474638565
    ],
    [
      "CVS",
      0.17144559084315322
    ],
    [
      "MET",
      0.15556822248220947
    ],
    [
      "LIN",
      0.15282859828356038
    ],
    [
      "ORCL",
      0.1455380479005866
    ],
    [
      "HON",
      0.13913754673267392
    ],
    [
      "CL",
      0.13488296171566472
    ],
    [
      "AMZN",
      0.09661775898380216
    ],
    [
      "GD",
      0.0926182475078838
    ],
    [
      "DIS",
      0.08780160439131529
    ],
    [
      "LLY",
      0.08615738216903211
    ],
    [
      "HD",
      0.08226215026913235
    ],
    [
      "EMR",
      0.07966256399525808
    ],
    [
      "CRM",
      0.07259556938295693
    ],
    [
      "USB",
      0.051831175576396174
    ],
    [
      "MDT",
      0.04057759107572967
    ],
    [
      "LMT",
      0.03837106087933276
    ],
    [
      "PG",
      0.02765099815819186
    ],
    [
      "AAPL",
      0.025931962771125992
    ],
    [
      "BA",
      0.023013480900950165
    ],
    [
      "PYPL",
      0.021222049166505712
    ],
    [
      "CAT",
      -0.0035418188503891918
    ],
    [
      "JNJ",
      -0.004719575001010529
    ],
    [
      "GOOG",
      -0.005457904132703931
    ],
    [
      "GOOGL",
      -0.007985804853674457
    ],
    [
      "APD",
      -0.012404403569667096
    ],
    [
      "NEE",
      -0.017161937083933824
    ],
    [
      "AMGN",
      -0.01729742350883835
    ],
    [
      "MDLZ",
      -0.025181673424695176
    ],
    [
      "QCOM",
      -0.02607905005724053
    ],
    [
      "F",
      -0.0341935963285538
    ],
    [
      "ACN",
      -0.03507223951544623
    ],
    [
      "XOM",
      -0.037835469711027594
    ],
    [
      "LOW",
      -0.04167804580657046
    ],
    [
      "SBUX",
      -0.057024877072135376
    ],
    [
      "UNP",
      -0.06329471405220911
    ],
    [
      "TXN",
      -0.0653834273296024
    ],
    [
      "BMY",
      -0.09969943138195558
    ],
    [
      "CVX",
      -0.1237235377898576
    ],
    [
      "KHC",
      -0.14887718778177755
    ],
    [
      "DD",
      -0.1713181933203815
    ],
    [
      "FDX",
      -0.17195942760169786
    ],
    [
      "CMCSA",
      -0.1874189538644851
    ],
    [
      "DHR",
      -0.21159254814416983
    ],
    [
      "AMD",
      -0.2305736988534204
    ],
    [
      "INTC",
      -0.24221835555303955
    ],
    [
      "COP",
      -0.24557892579708346
    ],
    [
      "ADBE",
      -0.25302942734585054
    ],
    [
      "PFE",
      -0.27303892317653977
    ],
    [
      "UNH",
      -0.27986812363140723
    ],
    [
      "PEP",
      -0.3242850442879091
    ],
    [
      "TGT",
      -0.3260910086087775
    ],
    [
      "TMO",
      -0.33385783637142863
    ],
    [
      "SLB",
      -0.3449493326537466
    ],
    [
      "MRK",
      -0.3650735962326498
    ],
    [
      "NKE",
      -0.40559413933855104
    ],
    [
      "UPS",
      -0.40713340712251733
    ],
    [
      "DOW",
      -0.5177232716876742
    ]
  ],