{
  "strong_cut": 0.33312689819167723,
  "skip_cut": -0.09969930657578205,
  "ranked": [
    [
      "NFLX",
      0.7937052282750116
    ],
    [
      "PM",
      0.7656731262159642
    ],
    [
      "T",
      0.7301501766590102
    ],
    [
      "BK",
      0.5896840848368063
    ],
    [
      "WMT",
      0.5891138633905731
    ],
    [
      "IBM",
      0.5563938470868112
    ],
    [
      "TMUS",
      0.54157823859322
    ],
    [
      "MO",
      0.5304445731510162
    ],
    [
      "COST",
      0.4882370761199388
    ],
    [
      "GE",
      0.4858999428052336
    ],
    [
      "AVGO",
      0.46848694659645884
    ],
    [
      "MMM",
      0.4140401216864136
    ],
    [
      "JPM",
      0.41086846238525276
    ],
    [
      "V",
      0.38723026384541465
    ],
    [
      "BKNG",
      0.38260038290505916
    ],
    [
      "COF",
      0.35187332385017184
    ],
    [
      "GILD",
      0.3502623302835287
    ],
    [
      "MA",
      0.34739225918013683
    ],
    [
      "WFC",
      0.3396387408974092
    ],
    [
      "RTX",
      0.3383501662008614
    ],
    [
      "GS",
      0.33312689819167723
    ],
    [
      "DUK",
      0.32446630702969687
    ],
    [
      "SO",
      0.31000734820797615
    ],
    [
      "META",
      0.3068418865930863
    ],
    [
      "C",
      0.30597550545261454
    ],
    [
      "AXP",
      0.30562913339447784
    ],
    [
      "ABT",
      0.30488463456244164
    ],
    [
      "VZ",
      0.3034921814087761
    ]
  ],
  "aggressive_ranked": [
    [
      "PM",
      0.3840933420368979
    ],
    [
      "NFLX",
      0.3801591931030451
    ],
    [
      "T",
      0.3569471751944024
    ],
    [
      "GE",
      0.3165922977955828
    ],
    [
      "BK",
      0.3110761076389867
    ],
    [
      "MO",
      0.29880638120129305
    ],
    [
      "WMT",
      0.2736383677240908
    ],
    [
      "COST",
      0.2689616331799396
    ],
    [
      "IBM",
      0.25907300244046033
    ],
    [
      "TMUS",
      0.22895480716570443
    ],
    [
      "BKNG",
      0.21847951207002791
    ],
    [
      "MA",
      0.21163576895107528
    ],
    [
      "JPM",
      0.20355306858154099
    ],
    [
      "V",
      0.2027121331837632
    ],
    [
      "DUK",
      0.19313913038022384
    ],
    [
      "VZ",
      0.19280353672265396
    ],
    [
      "SO",
      0.19262525826046983
    ],
    [
      "WFC",
      0.1859822099542238
    ],
    [
      "AVGO",
      0.18428674724462824
    ],
    [
      "MSFT",
      0.18361117512113567
    ],
    [
      "C",
      0.18014794790778876
    ],
    [
      "AXP",
      0.1760524678791684
    ],
    [
      "GS",
      0.16604861764269568
    ],
    [
      "AIG",
      0.16394420222869785
    ],
    [
      "COF",
      0.16358116640631526
    ],
    [
      "RTX",
      0.16229875834065927
    ],
    [
      "ABT",
      0.15546137932196677
    ],
    [
      "KO",
      0.15306766412827574
    ],
    [
      "NVDA",
      0.15127283408552644
    ],
    [
      "MMM",
      0.14721916582198172
    ],
    [
      "SPG",
      0.14514718078625397
    ],
    [
      "BAC",
      0.12902604882438057
    ],
    [
      "AMT",
      0.1284808641007664
    ],
    [
      "MS",
      0.1205834587685802
    ],
    [
      "META",
      0.11990686905163647
    ],
    [
      "CL",
      0.11921895238976919
    ],
    [
      "BLK",
      0.11863140787533805
    ],
    [
      "GD",
      0.10769077690666612
    ],
    [
      "ABBV",
      0.10748710644156487
    ],
    [
      "HON",
      0.10556821204651029
    ],
    [
      "EXC",
      0.10501711612096838
    ],
    [
      "LIN",
      0.09994461633082988
    ],
    [
      "DIS",
      0.09681921363833473
    ],
    [
      "DE",
      0.09615583898712923
    ],
    [
      "CHTR",
      0.08830340144769655
    ],
    [
      "MCD",
      0.08690144000626167
    ],
    [
      "MET",
      0.0837673271555506
    ],
    [
      "GILD",
      0.06528675192854216
    ],
    [
      "CSCO",
      0.06272968714040081
    ],
    [
      "EMR",
      0.06018352484113637
    ],
    [
      "ORCL",
      0.05909506038959212
    ],
    [
      "LMT",
      0.05743494412742364
    ],
    [
      "CRM",
      0.05323346994507128
    ],
    [
      "F",
      0.05219428521165934
    ],
    [
      "LLY",
      0.051434249942530805
    ],
    [
      "USB",
      0.04853719842330281
    ],
    [
      "CAT",
      0.046947897683370765
    ],
    [
      "AMZN",
      0.0410984864299047
    ],
    [
      "HD",
      0.039878726344110965
    ],
    [
      "PYPL",
      0.03962968186361727
    ],
    [
      "CVS",
      0.03473434441688779
    ],
    [
      "BA",
      0.02862809579403909
    ],
    [
      "QCOM",
      0.019718387722465987
    ],
    [
      "MDLZ",
      0.018371634442417566
    ],
    [
      "NEE",
      0.014825962132583855
    ],
    [
      "PG",
      0.012625116392226065
    ],
    [
      "MDT",
      0.001638979713555401
    ],
    [
      "XOM",
      -0.002797686394121056
    ],
    [
      "JNJ",
      -0.010007474737669216
    ],
    [
      "GOOGL",
      -0.013593321601728658
    ],
    [
      "GOOG",
      -0.013685089631889226
    ],
    [
      "TSLA",
      -0.015410258085932216
    ],
    [
      "AAPL",
      -0.016613353843004386
    ],
    [
      "AMGN",
      -0.016986186893165004
    ],
    [
      "LOW",
      -0.018012078797593152
    ],
    [
      "TXN",
      -0.027337637950450935
    ],
    [
      "AMD",
      -0.03310976943115675
    ],
    [
      "ACN",
      -0.037055613503283374
    ],
    [
      "DD",
      -0.04782944866170545
    ],
    [
      "APD",
      -0.04842462362230514
    ],
    [
      "UNP",
      -0.048691516425340364
    ],
    [
      "KHC",
      -0.0626667946382029
    ],
    [
      "DHR",
      -0.07409539386135755
    ],
    [
      "FDX",
      -0.08689137345346713
    ],
    [
      "INTC",
      -0.09094772214726987
    ],
    [
      "CVX",
      -0.09356410990466803
    ],
    [
      "ADBE",
      -0.10011103616493437
    ],
    [
      "CMCSA",
      -0.10335203200188751
    ],
    [
      "COP",
      -0.1211826854690301
    ],
    [
      "TGT",
      -0.14074204571766827
    ],
    [
      "SBUX",
      -0.14554646254649245
    ],
    [
      "PFE",
      -0.16264589012496714
    ],
    [
      "BMY",
      -0.17359343105332323
    ],
    [
      "MRK",
      -0.18205200506031613
    ],
    [
      "NKE",
      -0.20640234254953485
    ],
    [
      "PEP",
      -0.20766965759461145
    ],
    [
      "SLB",
      -0.2193682741350531
    ],
    [
      "UPS",
      -0.22273716986916095
    ],
    [
      "TMO",
      -0.22692963411026307
    ],
    [
      "DOW",
      -0.25915267222248767
    ],
    [
      "UNH",
      -0.29966457233928145
    ]
  ],
  "classifications": {
    "AAPL": "default",
    "ABBV": "default",
    "ABT": "default",
    "ACN": "default",
    "ADBE": "skip",
    "AIG": "default",
    "AMD": "skip",
    "AMGN": "default",
    "AMT": "default",
    "AMZN": "default",
    "APD": "default",
    "AVGO": "strong",
    "AXP": "default",
    "BA": "default",
    "BAC": "default",
    "BK": "strong",
    "BKNG": "strong",
    "BLK": "default",
    "BMY": "default",
    "C": "default",
    "CAT": "default",
    "CHTR": "default",
    "CL": "default",
    "CMCSA": "skip",
    "COF": "strong",
    "COP": "skip",
    "COST": "strong",
    "CRM": "default",
    "CSCO": "default",
    "CVS": "default",
    "CVX": "skip",
    "DD": "skip",
    "DE": "default",
    "DHR": "skip",
    "DIS": "default",
    "DOW": "skip",
    "DUK": "default",
    "EMR": "default",
    "EXC": "default",
    "F": "default",
    "FDX": "skip",
    "GD": "default",
    "GE": "strong",
    "GILD": "strong",
    "GOOG": "default",
    "GOOGL": "default",
    "GS": "strong",
    "HD": "default",
    "HON": "default",
    "IBM": "strong",
    "INTC": "skip",
    "JNJ": "default",
    "JPM": "strong",