{
  "strong_cut": 0.33417151105513787,
  "skip_cut": -0.10450418121888509,
  "ranked": [
    [
      "NFLX",
      0.7937052282750116
    ],
    [
      "PM",
      0.7656730411872142
    ],
    [
      "T",
      0.7301502596661542
    ],
    [
      "BK",
      0.5896839866261689
    ],
    [
      "WMT",
      0.5891139773299023
    ],
    [
      "IBM",
      0.5563937948089948
    ],
    [
      "TMUS",
      0.5415783376541956
    ],
    [
      "MO",
      0.5304446137930932
    ],
    [
      "COST",
      0.48823728725177507
    ],
    [
      "GE",
      0.4858999622567029
    ],
    [
      "AVGO",
      0.4684870845528978
    ],
    [
      "MMM",
      0.4140401006811184
    ],
    [
      "JPM",
      0.41086859582035073
    ],
    [
      "V",
      0.3872303444844331
    ],
    [
      "BKNG",
      0.3826003685587869
    ],
    [
      "COF",
      0.35187338187609973
    ],
    [
      "GILD",
      0.3502622907145694
    ],
    [
      "MA",
      0.3473922596564489
    ],
    [
      "WFC",
      0.33963898917281393
    ],
    [
      "RTX",
      0.3383500951561022
    ],
    [
      "GS",
      0.33312686502989675
    ],
    [
      "DUK",
      0.3244663115622091
    ],
    [
      "SO",
      0.3100071166088743
    ],
    [
      "META",
      0.30684192122623266
    ],
    [
      "C",
      0.30597555923825287
    ],
    [
      "AXP",
      0.3056290873945958
    ],
    [
      "ABT",
      0.30488465672038684
    ],
    [
      "VZ",
      0.3034922070532431
    ]
  ],
  "aggressive_ranked": [
    [
      "PM",
      0.3840933008484019
    ],
    [
      "NFLX",
      0.3801591931030451
    ],
    [
      "T",
      0.356947132026238
    ],
    [
      "GE",
      0.3165922954386332
    ],
    [
      "BK",
      0.31107608324848063
    ],
    [
      "MO",
      0.2988064188782345
    ],
    [
      "WMT",
      0.2736384058084238
    ],
    [
      "COST",
      0.2689617829577333
    ],
    [
      "IBM",
      0.2590729678720957
    ],
    [
      "TMUS",
      0.22895485357653206
    ],
    [
      "BKNG",
      0.2184795272477663
    ],
    [
      "MA",
      0.21163574688365938
    ],
    [
      "JPM",
      0.20355313961050328
    ],
    [
      "V",
      0.20271217008928258
    ],
    [
      "DUK",
      0.19313909494241233
    ],
    [
      "VZ",
      0.19280358867396588
    ],
    [
      "SO",
      0.19262506663066026
    ],
    [
      "WFC",
      0.18598239974107
    ],
    [
      "AVGO",
      0.1842867795460845
    ],
    [
      "MSFT",
      0.18361118397400894
    ],
    [
      "C",
      0.1801479882470175
    ],
    [
      "AXP",
      0.17605243337925686
    ],
    [
      "GS",
      0.16604864082407433
    ],
    [
      "AIG",
      0.16394420491811754
    ],
    [
      "COF",
      0.16358120992576117
    ],
    [
      "RTX",
      0.1622987138661852
    ],
    [
      "ABT",
      0.15546141946651001
    ],
    [
      "KO",
      0.15306763544507582
    ],
    [
      "NVDA",
      0.1512728505022774
    ],
    [
      "MMM",
      0.14721913310871135
    ],
    [
      "SPG",
      0.14514713609177032
    ],
    [
      "BAC",
      0.1290260407976272
    ],
    [
      "MS",
      0.12058344614236854
    ],
    [
      "META",
      0.11990693939190024
    ],
    [
      "CL",
      0.1192188745549363
    ],
    [
      "BLK",
      0.11863139426325123
    ],
    [
      "GD",
      0.10769078584655258
    ],
    [
      "ABBV",
      0.10748699338426121
    ],
    [
      "HON",
      0.10556825849318331
    ],
    [
      "EXC",
      0.10501713263203603
    ],
    [
      "LIN",
      0.09994466066250064
    ],
    [
      "DIS",
      0.09681921155598208
    ],
    [
      "DE",
      0.09615583473238937
    ],
    [
      "CHTR",
      0.08830340144769655
    ],
    [
      "MCD",
      0.08690141812606748
    ],
    [
      "MET",
      0.08376722934302651
    ],
    [
      "GILD",
      0.06528668171833996
    ],
    [
      "CSCO",
      0.06272967173439199
    ],
    [
      "EMR",
      0.06018349986246331
    ],
    [
      "ORCL",
      0.059095027568279536
    ],
    [
      "LMT",
      0.05743495630092993
    ],
    [
      "CRM",
      0.05323343870667908
    ],
    [
      "F",
      0.052194216369823986
    ],
    [
      "LLY",
      0.051434266289205374
    ],
    [
      "USB",
      0.04853723302993765
    ],
    [
      "CAT",
      0.04694798534113041
    ],
    [
      "AMZN",
      0.0410984864299047
    ],
    [
      "HD",
      0.03987875411111412
    ],
    [
      "PYPL",
      0.03962968186361727
    ],
    [
      "CVS",
      0.03473436727351662
    ],
    [
      "BA",
      0.02862809579403909
    ],
    [
      "QCOM",
      0.019718409717523165
    ],
    [
      "MDLZ",
      0.018371625545033625
    ],
    [
      "NEE",
      0.014825952951079833
    ],
    [
      "PG",
      0.012625075782265691
    ],
    [
      "MDT",
      0.0016389168084405721
    ],
    [
      "XOM",
      -0.0027976836711080637
    ],
    [
      "JNJ",
      -0.010007488170012471
    ],
    [
      "GOOGL",
      -0.013593279037328793
    ],
    [
      "GOOG",
      -0.013685128894043753
    ],
    [
      "TSLA",
      -0.015410258085932216
    ],
    [
      "AAPL",
      -0.016613402419378955
    ],
    [
      "AMGN",
      -0.01698618826313057
    ],
    [
      "LOW",
      -0.01801207948308418
    ],
    [
      "TXN",
      -0.027337678835060816
    ],
    [
      "AMD",
      -0.03310976943115675
    ],
    [
      "ACN",
      -0.03705557643993569
    ],
    [
      "DD",
      -0.047829435604440876
    ],
    [
      "APD",
      -0.04842455702937811
    ],
    [
      "UNP",
      -0.048691571356112504
    ],
    [
      "KHC",
      -0.06266681703674247
    ],
    [
      "DHR",
      -0.07409539939383127
    ],
    [
      "FDX",
      -0.08689139715572694
    ],
    [
      "INTC",
      -0.09094771815751494
    ],
    [
      "CVX",
      -0.09356411919585551
    ],
    [
      "ADBE",
      -0.10011103616493437
    ],
    [
      "CMCSA",
      -0.10335203116128489
    ],
    [
      "COP",
      -0.1211827044492981
    ],
    [
      "TGT",
      -0.14074204742188698
    ],
    [
      "SBUX",
      -0.145546500496459
    ],
    [
      "PFE",
      -0.16264593676243186
    ],
    [
      "BMY",
      -0.1735934693362763
    ],
    [
      "MRK",
      -0.18205200447514597
    ],
    [
      "NKE",
      -0.20640237737970335
    ],
    [
      "PEP",
      -0.2076695486653317
    ],
    [
      "SLB",
      -0.21936833312837556
    ],
    [
      "UPS",
      -0.22273713628631378
    ],
    [
      "TMO",
      -0.2269297016718394
    ],
    [
      "DOW",
      -0.2591526672241921
    ],
    [
      "UNH",
      -0.29966457617701914
    ],
    [
      "AMT",
      NaN
    ]
  ],
  "classifications": {
    "AAPL": "default",
    "ABBV": "default",
    "ABT": "default",
    "ACN": "default",
    "ADBE": "skip",
    "AIG": "default",
    "AMD": "skip",
    "AMGN": "default",
    "AMT": "skip",
    "AMZN": "default",
    "APD": "default",
    "AVGO": "strong",
    "AXP": "default",
    "BA": "default",
    "BAC": "default",
    "BK": "strong",
    "BKNG": "strong",
    "BLK": "default",
    "BMY": "default",
    "C": "default",
    "CAT": "default",
    "CHTR": "default",
    "CL": "default",
    "CMCSA": "skip",
    "COF": "strong",
    "COP": "skip",
    "COST": "strong",
    "CRM": "default",
    "CSCO": "default",
    "CVS": "default",
    "CVX": "skip",
    "DD": "skip",
    "DE": "default",
    "DHR": "skip",
    "DIS": "default",
    "DOW": "skip",
    "DUK": "default",
    "EMR": "default",
    "EXC": "default",
    "F": "default",
    "FDX": "skip",
    "GD": "default",
    "GE": "strong",
    "GILD": "strong",
    "GOOG": "default",
    "GOOGL": "default",
    "GS": "default",
    "HD": "default",
    "HON": "default",
    "IBM": "strong",
    "INTC": "skip",
    "JNJ": "default",
    "JPM": "strong",
    "KHC": "skip",