{
  "strong_cut": 0.3331269230636172,
  "skip_cut": -0.09969936415109312,
  "ranked": [
    [
      "NFLX",
      0.7937052282750116
    ],
    [
      "PM",
      0.7656731550575862
    ],
    [
      "T",
      0.7301502430903387
    ],
    [
      "BK",
      0.5896842215552061
    ],
    [
      "WMT",
      0.589113960438926
    ],
    [
      "IBM",
      0.55639386720944
    ],
    [
      "TMUS",
      0.5415782060529193
    ],
    [
      "MO",
      0.5304447381821671
    ],
    [
      "COST",
      0.4882371375122972
    ],
    [
      "GE",
      0.4858999349281656
    ],
    [
      "AVGO",
      0.4684869760131444
    ],
    [
      "MMM",
      0.41404009754471294
    ],
    [
      "JPM",
      0.4108685420033863
    ],
    [
      "V",
      0.3872303634653756
    ],
    [
      "BKNG",
      0.38260043196256854
    ],
    [
      "COF",
      0.35187331632408964
    ],
    [
      "GILD",
      0.3502622435873136
    ],
    [
      "MA",
      0.3473921583008354
    ],
    [
      "WFC",
      0.33963900666915986
    ],
    [
      "RTX",
      0.338350164109406
    ],
    [
      "GS",
      0.3331269230636172
    ],
    [
      "DUK",
      0.32446628734360233
    ],
    [
      "SO",
      0.31000728788083837
    ],
    [
      "META",
      0.3068419116139435
    ],
    [
      "C",
      0.3059755291679443
    ],
    [
      "AXP",
      0.305629152242482
    ],
    [
      "ABT",
      0.30488465434050405
    ],
    [
      "VZ",
      0.3034921189216013
    ],
    [
      "NVDA",
      0.2839805420507374
    ],
    [
      "TSLA",
      0.2629385059927132
    ],
    [
      "MS",
      0.2611347999646702
    ],
    [
      "KO",
      0.2560378632132005
    ],
    [
      "AIG",
      0.24497084790943674
    ],
    [
      "EXC",
      0.24363322316998753
    ],
    [
      "SPG",
      0.22696598336642348
    ],
    [
      "BLK",
      0.2157934988214321
    ],
    [
      "DE",
      0.2095608850920761
    ],
    [
      "MSFT",
      0.20758529862027536
    ],
    [
      "CSCO",
      0.20684263315759766
    ],
    [
      "AMT",
      0.20075953539927094
    ],
    [
      "CHTR",
      0.18774310610480271
    ],
    [
      "BAC",
      0.18216068320670864
    ],
    [
      "ABBV",
      0.1778637270202434
    ],
    [
      "MCD",
      0.17300425877722564
    ],
    [
      "CVS",
      0.171445594742694
    ],
    [
      "MET",
      0.15556821738637966
    ],
    [
      "LIN",
      0.15282871591465705
    ],
    [
      "ORCL",
      0.145538004540317
    ],
    [
      "HON",
      0.13913751699658697
    ],
    [
      "CL",
      0.13488299801516218
    ],
    [
      "AMZN",
      0.09661775898380216
    ],
    [
      "GD",
      0.09261829441671227
    ],
    [
      "DIS",
      0.08780154398929557
    ],
    [
      "LLY",
      0.08615740480927624
    ],
    [
      "HD",
      0.08226219818237641
    ],
    [
      "EMR",
      0.07966265062508865
    ],
    [
      "CRM",
      0.07259555790189416
    ],
    [
      "USB",
      0.05183114420683356
    ],
    [
      "MDT",
      0.04057759445980332
    ],
    [
      "LMT",
      0.03837108503648304
    ],
    [
      "PG",
      0.027650913242121364
    ],
    [
      "AAPL",
      0.02593193144841103
    ],
    [
      "BA",
      0.023013480900950165
    ],
    [
      "PYPL",
      0.021222049166505712
    ],
    [
      "CAT",
      -0.0035417981013366046
    ],
    [
      "JNJ",
      -0.004719511815248798
    ],
    [
      "GOOG",
      -0.005457887970464204
    ],
    [
      "GOOGL",
      -0.007985749753626363
    ],
    [
      "APD",
      -0.01240450789855256
    ],
    [
      "NEE",
      -0.017162016542054726
    ],
    [
      "AMGN",
      -0.0172974371764268
    ],
    [
      "MDLZ",
      -0.02518179644769501
    ],
    [
      "QCOM",
      -0.0260790239608013
    ],
    [
      "F",
      -0.034193575792606214
    ],
    [
      "ACN",
      -0.03507228261342915
    ],
    [
      "XOM",
      -0.0378354474944637
    ],
    [
      "LOW",
      -0.041678024507108224
    ],
    [
      "SBUX",
      -0.057024789984333316
    ],
    [
      "UNP",
      -0.06329469049692564
    ],
    [
      "TXN",
      -0.0653834335364924
    ],
    [
      "BMY",
      -0.09969936415109312
    ],
    [
      "CVX",
      -0.1237235516574962
    ],
    [
      "KHC",
      -0.14887707387870852
    ],
    [
      "DD",
      -0.17131818446852543
    ],
    [
      "FDX",
      -0.1719594999274923
    ],
    [
      "CMCSA",
      -0.1874191256562946
    ],
    [
      "DHR",
      -0.21159255941735067
    ],
    [
      "AMD",
      -0.2305736988534204
    ],
    [
      "INTC",
      -0.24221837682774489
    ],
    [
      "COP",
      -0.24557893036264644
    ],
    [
      "ADBE",
      -0.25302942734585054
    ],
    [
      "PFE",
      -0.27303885414552154
    ],
    [
      "UNH",
      -0.2798680673762375
    ],
    [
      "PEP",
      -0.3242850928507692
    ],
    [
      "TGT",
      -0.32609100041035743
    ],
    [
      "TMO",
      -0.3338577726703206
    ],
    [
      "SLB",
      -0.3449492306428724
    ],
    [
      "MRK",
      -0.36507360923242144
    ],
    [
      "NKE",
      -0.40559413723520976
    ],
    [
      "UPS",
      -0.40713328969164514
    ],
    [
      "DOW",
      -0.5177231997091156
    ]
  ],
  "classifications": {
    "AAPL": "default",
    "ABBV": "default",
    "ABT": "default",
    "ACN": "default",
    "ADBE": "skip",
    "AIG": "default",
    "AMD": "skip",
    "AMGN": "default",
    "AMT": "default",
    "AMZN": "default",
    "APD": "default",
    "AVGO": "strong",
    "AXP": "default",
    "BA": "default",
    "BAC": "default",
    "BK": "strong",
    "BKNG": "strong",
    "BLK": "default",
    "BMY": "default",
    "C": "default",
    "CAT": "default",
    "CHTR": "default",
    "CL": "default",
    "CMCSA": "skip",
    "COF": "strong",
    "COP": "skip",
    "COST": "strong",
    "CRM": "default",
    "CSCO": "default",
    "CVS": "default",
    "CVX": "skip",
    "DD": "skip",
    "DE": "default",
    "DHR": "skip",
    "DIS": "default",
    "DOW": "skip",
    "DUK": "default",
    "EMR": "default",
    "EXC": "default",
    "F": "default",
    "FDX": "skip",
    "GD": "default",
    "GE": "strong",
    "GILD": "strong",
    "GOOG": "default",
    "GOOGL": "default",
    "GS": "strong",
    "HD": "default",
    "HON": "default",
    "IBM": "strong",
    "INTC": "skip",
    "JNJ": "default",
    "JPM": "strong",
    "KHC": "skip",
    "KO": "default",
    "LIN": "default",
    "LLY": "default",
    "LMT": "default",
    "LOW": "default",
    "MA": "strong",
    "MCD": "default",
    "MDLZ": "default",
    "MDT": "default",
    "MET": "default",
    "META": "default",
    "MMM": "strong",
    "MO": "strong",
    "MRK": "skip",
    "MS": "default",
    "MSFT": "default",
    "NEE": "default",
    "NFLX": "strong",
    "NKE": "skip",
    "NVDA": "default",
    "ORCL": "default",
    "PEP": "skip",
    "PFE": "skip",
    "PG": "default",
    "PM": "strong",
    "PYPL": "default",
    "QCOM": "default",
    "RTX": "strong",
    "SBUX": "default",
    "SLB": "skip",
    "SO": "default",
    "SPG": "default",
    "T": "strong",
    "TGT": "skip",
    "TMO": "skip",
    "TMUS": "strong",
    "TSLA": "default",
    "TXN": "default",
    "UNH": "skip",
    "UNP": "default",
    "UPS": "skip",
    "USB": "default",
    "V": "strong",
    "VZ": "default",
    "WFC": "strong",
    "WMT": "strong",
    "XOM": "default"
  }
}