{
  "strong_cut": 0.3331269343004591,
  "skip_cut": -0.09969937906355891,
  "ranked": [
    [
      "NFLX",
      0.7937052282750116
    ],
    [
      "PM",
      0.7656730646474668
    ],
    [
      "T",
      0.7301503612654824
    ],
    [
      "BK",
      0.5896839800484268
    ],
    [
      "WMT",
      0.5891138197113589
    ],
    [
      "IBM",
      0.5563938545553991
    ],
    [
      "TMUS",
      0.54157830445081
    ],
    [
      "MO",
      0.5304446442831384
    ],
    [
      "COST",
      0.48823719451731956
    ],
    [
      "GE",
      0.4858999237054889
    ],
    [
      "AVGO",
      0.4684870610271855
    ],
    [
      "MMM",
      0.4140401121478218
    ],
    [
      "JPM",
      0.41086851039209243
    ],
    [
      "V",
      0.3872304378212728
    ],
    [
      "BKNG",
      0.3826004971917991
    ],
    [
      "COF",
      0.35187337485038667
    ],
    [
      "GILD",
      0.3502622830876069
    ],
    [
      "MA",
      0.347392231181853
    ],
    [
      "WFC",
      0.3396389470155356
    ],
    [
      "RTX",
      0.3383500788838701
    ],
    [
      "GS",
      0.3331269343004591
    ],
    [
      "DUK",
      0.32446625576795113
    ],
    [
      "SO",
      0.31000703621594305
    ],
    [
      "META",
      0.3068419142795442
    ],
    [
      "C",
      0.3059756072747585
    ],
    [
      "AXP",
      0.3056290541980305
    ],
    [
      "ABT",
      0.3048846740703509
    ],
    [
      "VZ",
      0.30349220670374755
    ],
    [
      "NVDA",
      0.28398058316326863
    ],
    [
      "TSLA",
      0.2629385059927132
    ],
    [
      "MS",
      0.26113474415838406
    ],
    [
      "KO",
      0.2560378260092166
    ],
    [
      "AIG",
      0.24497078097818392
    ],
    [
      "EXC",
      0.24363317353456007
    ],
    [
      "SPG",
      0.22696606647043543
    ],
    [
      "BLK",
      0.21579349673824305
    ],
    [
      "DE",
      0.20956082629821118
    ],
    [
      "MSFT",
      0.20758537222492646
    ],
    [
      "CSCO",
      0.2068426118493018
    ],
    [
      "AMT",
      0.2007596250861693
    ],
    [
      "CHTR",
      0.18774310610480271
    ],
    [
      "BAC",
      0.1821607116128967
    ],
    [
      "ABBV",
      0.1778636978202431
    ],
    [
      "MCD",
      0.17300432387294107
    ],
    [
      "CVS",
      0.1714457422902615
    ],
    [
      "MET",
      0.15556813509725992
    ],
    [
      "LIN",
      0.15282884424771825
    ],
    [
      "ORCL",
      0.14553799794287103
    ],
    [
      "HON",
      0.13913758148243088
    ],
    [
      "CL",
      0.1348828329911278
    ],
    [
      "AMZN",
      0.09661775898380216
    ],
    [
      "GD",
      0.09261833306075182
    ],
    [
      "DIS",
      0.08780154997268604
    ],
    [
      "LLY",
      0.08615747132243914
    ],
    [
      "HD",
      0.08226220226301273
    ],
    [
      "EMR",
      0.07966254950774652
    ],
    [
      "CRM",
      0.07259557788927291
    ],
    [
      "USB",
      0.05183106937725124
    ],
    [
      "MDT",
      0.040577551683026666
    ],
    [
      "LMT",
      0.03837115440517644
    ],
    [
      "PG",
      0.02765091836897063
    ],
    [
      "AAPL",
      0.02593199645949975
    ],
    [
      "BA",
      0.023013480900950165
    ],
    [
      "PYPL",
      0.021222049166505712
    ],
    [
      "CAT",
      -0.0035417985552776837
    ],
    [
      "JNJ",
      -0.004719553978834227
    ],
    [
      "GOOG",
      -0.005457864771115595
    ],
    [
      "GOOGL",
      -0.007985759216801593
    ],
    [
      "APD",
      -0.012404501618718426
    ],
    [
      "NEE",
      -0.01716199456701611
    ],
    [
      "AMGN",
      -0.017297426867951337
    ],
    [
      "MDLZ",
      -0.025181659960813178
    ],
    [
      "QCOM",
      -0.02607901939327588
    ],
    [
      "F",
      -0.0341935559342486
    ],
    [
      "ACN",
      -0.035072190090774114
    ],
    [
      "XOM",
      -0.03783543879004049
    ],
    [
      "LOW",
      -0.04167803509999106
    ],
    [
      "SBUX",
      -0.05702482728800372
    ],
    [
      "UNP",
      -0.0632947107206252
    ],
    [
      "TXN",
      -0.06538344481871025
    ],
    [
      "BMY",
      -0.09969937906355891
    ],
    [
      "CVX",
      -0.12372346606962269
    ],
    [
      "KHC",
      -0.1488770247055325
    ],
    [
      "DD",
      -0.17131826479232992
    ],
    [
      "FDX",
      -0.1719594673720275
    ],
    [
      "CMCSA",
      -0.18741893625670228
    ],
    [
      "DHR",
      -0.2115925728318432
    ],
    [
      "AMD",
      -0.2305736988534204
    ],
    [
      "INTC",
      -0.24221835106602252
    ],
    [
      "COP",
      -0.2455789264979233
    ],
    [
      "ADBE",
      -0.25302942734585054
    ],
    [
      "PFE",
      -0.273038954630345
    ],
    [
      "UNH",
      -0.2798681276241539
    ],
    [
      "PEP",
      -0.32428502202677734
    ],
    [
      "TGT",
      -0.32609100088527554
    ],
    [
      "TMO",
      -0.333857887360141
    ],
    [
      "SLB",
      -0.34494928464872376
    ],
    [
      "MRK",
      -0.3650736349059513
    ],
    [
      "NKE",
      -0.40559417452162405
    ],
    [
      "UPS",
      -0.4071332712964075
    ],
    [
      "DOW",
      -0.5177232376278391
    ]
  ],