{
  "scan": {
    "strong_cut": 0.3803899043875868,
    "skip_cut": -0.08797100927937385,
    "ranked": [
      [
        "NFLX",
        0.8277426609612742
      ],
      [
        "PM",
        0.7508774642115719
      ],
      [
        "T",
        0.7249569567739043
      ],
      [
        "BK",
        0.6603240072310379
      ],
      [
        "IBM",
        0.613952785013547
      ],
      [
        "WMT",
        0.6103147408154379
      ],
      [
        "GE",
        0.5930467485737765
      ],
      [
        "AVGO",
        0.5230841558150963
      ],
      [
        "COST",
        0.5064878280851624
      ],
      [
        "TMUS",
        0.5030869895916292
      ],
      [
        "MMM",
        0.4836247346903052
      ],
      [
        "MO",
        0.4683446081063979
      ],
      [
        "TSLA",
        0.4514499104372609
      ],
      [
        "JPM",
        0.4485773772001562
      ],
      [
        "V",
        0.4272971667526876
      ],
      [
        "BKNG",
        0.4094594889657972
      ],
      [
        "GS",
        0.4027845064271273
      ],
      [
        "GILD",
        0.40052355721044536
      ],
      [
        "RTX",
        0.3901502090270063
      ],
      [
        "META",
        0.3819455403799473
      ],
      [
        "MA",
        0.3803899043875868
      ],
      [
        "NVDA",
        0.3748368755340135
      ],
      [
        "COF",
        0.3734782392089704
      ],
      [
        "AXP",
        0.3605444584492432
      ],
      [
        "DE",
        0.35903662029490574
      ],
      [
        "WFC",
        0.34869503990518186
      ],
      [
        "C",
        0.3483459599432176
      ],
      [
        "ABT",
        0.3346595565451872
      ],
      [
        "MS",
        0.31676248420363784
      ],
      [
        "VZ",
        0.3073270763539444
      ],
      [
        "DUK",
        0.3070750227098113
      ],
      [
        "AIG",
        0.3043436346837747
      ],
      [
        "BLK",
        0.2889565033165892
      ],
      [
        "KO",
        0.2753142672397247
      ],
      [
        "SO",
        0.27412595816512747
      ],
      [
        "BAC",
        0.2595522410788732
      ],
      [
        "SPG",
        0.24728074633262914
      ],
      [
        "CSCO",
        0.23662600144465
      ],
      [
        "MSFT",
        0.23500266454110352
      ],
      [
        "CHTR",
        0.23144076999067648
      ],
      [
        "EXC",
        0.21088413594317712
      ],
      [
        "ABBV",
        0.2084274986894997
      ],
      [
        "AMT",
        0.20299308991276702
      ],
      [
        "MCD",
        0.20150426226137624
      ],
      [
        "MET",
        0.1950969085745682
      ],
      [
        "DIS",
        0.18067866489904802
      ],
      [
        "ORCL",
        0.17378937769058805
      ],
      [
        "AMZN",
        0.172186941316125
      ],
      [
        "LIN",
        0.1701919366738936
      ],
      [
        "CL",
        0.16348186755344385
      ],
      [
        "HON",
        0.15691317312163175
      ],
      [
        "BA",
        0.14209905879717433
      ],
      [
        "HD",
        0.13071478525246788
      ],
      [
        "GD",
        0.12706778614105785
      ],
      [
        "USB",
        0.11706005911639367
      ],
      [
        "EMR",
        0.1158381820036328
      ],
      [
        "CAT",
        0.09056871164915839
      ],
      [
        "CVS",
        0.09011149860229523
      ],
      [
        "MDT",
        0.09003820751364731
      ],
      [
        "AAPL",
        0.08601537127718462
      ],
      [
        "PG",
        0.082900510973619
      ],
      [
        "LLY",
        0.08273678137687737
      ],
      [
        "NEE",
        0.0818837422141668
      ],
      [
        "CRM",
        0.07222942075024026
      ],
      [
        "GOOG",
        0.06408603012318036
      ],
      [
        "GOOGL",
        0.06290339308748222
      ],
      [
        "PYPL",
        0.054457842456459064
      ],
      [
        "TXN",
        0.04019669531319419
      ],
      [
        "APD",
        0.021690948883266323
      ],
      [
        "LMT",
        0.021468719191026477
      ],
      [
        "LOW",
        0.016487470737025698
      ],
      [
        "UNP",
        0.014158069142610075
      ],
      [
        "F",
        0.013237082553142605
      ],
      [
        "QCOM",
        0.010418740793777172
      ],
      [
        "ACN",
        -0.008652528882614998
      ],
      [
        "XOM",
        -0.009413538241758765
      ],
      [
        "AMGN",
        -0.016771364590413482
      ],
      [
        "SBUX",
        -0.017789030521092767
      ],
      [
        "JNJ",
        -0.021470739356280286
      ],
      [
        "MDLZ",
        -0.03721665282367962
      ],
      [
        "CVX",
        -0.08797100927937385
      ],
      [
        "BMY",
        -0.11166128078895057
      ],
      [
        "DD",
        -0.11602605533386502
      ],
      [
        "AMD",
        -0.12516425417431642
      ],
      [
        "FDX",
        -0.13305493132963184
      ],
      [
        "KHC",
        -0.1594437925829341
      ],
      [
        "CMCSA",
        -0.15984743640372273
      ],
      [
        "ADBE",
        -0.1966922228281172
      ],
      [
        "DHR",
        -0.19801776655483372
      ],
      [
        "COP",
        -0.20783025578745284
      ],
      [
        "INTC",
        -0.2554413639903466
      ],
      [
        "PFE",
        -0.2772709390100947
      ],
      [
        "PEP",
        -0.29489609878568457
      ],
      [
        "TGT",
        -0.3044323578536319
      ],
      [
        "SLB",
        -0.3142128731533679
      ],
      [
        "TMO",
        -0.31606934515047724
      ],
      [
        "NKE",
        -0.33132562883651256
      ],
      [
        "UPS",
        -0.3535504109925091
      ],
      [
        "MRK",
        -0.3751789891880445
      ],
      [
        "DOW",
        -0.4749285848583786
      ],
      [
        "UNH",
        -0.5022443324589904
      ]
    ],