iter	RMSE
0	0.02803388621
1	0.02803138544
2	0.02801426552
3	0.02800705368
4	0.02799630581
5	0.027992826
6	0.02798243271
7	0.02797890164
8	0.02795956166
9	0.02794376854
