{
  "strong_cut": 0.3331269189293704,
  "skip_cut": -0.09969932116184047,
  "ranked": [
    [
      "NFLX",
      0.7937052282750116
    ],
    [
      "PM",
      0.7656733781691797
    ],
    [
      "T",
      0.7301503075537776
    ],
    [
      "BK",
      0.5896838952232766
    ],
    [
      "WMT",
      0.5891140678282893
    ],
    [
      "IBM",
      0.5563938614650724
    ],
    [
      "TMUS",
      0.5415783975603405
    ],
    [
      "MO",
      0.5304445938171082
    ],
    [
      "COST",
      0.4882371308228649
    ],
    [
      "GE",
      0.4858999968497732
    ],
    [
      "AVGO",
      0.46848713172234047
    ],
    [
      "MMM",
      0.41404014011395035
    ],
    [
      "JPM",
      0.41086858582074465
    ],
    [
      "V",
      0.3872302795776192
    ],
    [
      "BKNG",
      0.3826004195596241
    ],
    [
      "COF",
      0.3518732827666477
    ],
    [
      "GILD",
      0.35026234540776896
    ],
    [
      "MA",
      0.3473922948934333
    ],
    [
      "WFC",
      0.33963881960469705
    ],
    [
      "RTX",
      0.33835014160241605
    ],
    [
      "GS",
      0.3331269189293704
    ],
    [
      "DUK",
      0.3244662713709024
    ],
    [
      "SO",
      0.31000727825481783
    ],
    [
      "META",
      0.3068419853566903
    ],
    [
      "C",
      0.3059756055891645
    ],
    [
      "AXP",
      0.3056291204493711
    ],
    [
      "ABT",
      0.3048846893431563
    ],
    [
      "VZ",
      0.3034921555147004
    ],
    [
      "NVDA",
      0.28398055010553735
    ],
    [
      "TSLA",
      0.2629385059927132
    ],
    [
      "MS",
      0.26113476944337055
    ],
    [
      "KO",
      0.25603781982930013
    ],
    [
      "AIG",
      0.2449709587224936
    ],
    [
      "EXC",
      0.2436331842883863
    ],
    [
      "SPG",
      0.2269660135994685
    ],
    [
      "BLK",
      0.2157934914609935
    ],
    [
      "DE",
      0.20956085474208663
    ],
    [
      "MSFT",
      0.20758534942205267
    ],
    [
      "CSCO",
      0.20684255427769974
    ],
    [
      "AMT",
      0.20075961913895618
    ],
    [
      "CHTR",
      0.18774310610480271
    ],
    [
      "BAC",
      0.18216072005679274
    ],
    [
      "ABBV",
      0.17786367298131062
    ],
    [
      "MCD",
      0.17300426373013456
    ],
    [
      "CVS",
      0.1714457006410843
    ],
    [
      "MET",
      0.15556822493742456
    ],
    [
      "LIN",
      0.15282866839515147
    ],
    [
      "ORCL",
      0.1455380149447547
    ],
    [
      "HON",
      0.13913749969026773
    ],
    [
      "CL",
      0.13488312689474424
    ],
    [
      "AMZN",
      0.09661775898380216
    ],
    [
      "GD",
      0.09261830500362635
    ],
    [
      "DIS",
      0.08780154398929557
    ],
    [
      "LLY",
      0.08615744829989049
    ],
    [
      "HD",
      0.08226221574255047
    ],
    [
      "EMR",
      0.07966259412908018
    ],
    [
      "CRM",
      0.07259557596600553
    ],
    [
      "USB",
      0.05183113453840979
    ],
    [
      "MDT",
      0.04057762183645527
    ],
    [
      "LMT",
      0.03837105377052043
    ],
    [
      "PG",
      0.027650812809037896
    ],
    [
      "AAPL",
      0.025931931913155813
    ],
    [
      "BA",
      0.023013480900950165
    ],
    [
      "PYPL",
      0.021222049166505712
    ],
    [
      "CAT",
      -0.0035417591853205282
    ],
    [
      "JNJ",
      -0.0047195882849438466
    ],
    [
      "GOOG",
      -0.005457859407514878
    ],
    [
      "GOOGL",
      -0.007985785653646375
    ],
    [
      "APD",
      -0.012404410553068783
    ],
    [
      "NEE",
      -0.017161986412769774
    ],
    [
      "AMGN",
      -0.017297450117205706
    ],
    [
      "MDLZ",
      -0.02518172935988554
    ],
    [
      "QCOM",
      -0.026079072663459275
    ],
    [
      "F",
      -0.034193561611013334
    ],
    [
      "ACN",
      -0.03507227672171691
    ],
    [
      "XOM",
      -0.03783542344913608
    ],
    [
      "LOW",
      -0.04167807494688383
    ],
    [
      "SBUX",
      -0.05702477768616576
    ],
    [
      "UNP",
      -0.06329472002372379
    ],
    [
      "TXN",
      -0.06538343572425347
    ],
    [
      "BMY",
      -0.09969932116184047
    ],
    [
      "CVX",
      -0.12372351421589146
    ],
    [
      "KHC",
      -0.14887697919670112
    ],
    [
      "DD",
      -0.17131825646836352
    ],
    [
      "FDX",
      -0.17195948607502282
    ],
    [
      "CMCSA",
      -0.1874190684978328
    ],
    [
      "DHR",
      -0.2115925300668012
    ],
    [
      "AMD",
      -0.2305736988534204
    ],
    [
      "INTC",
      -0.24221837951292513
    ],
    [
      "COP",
      -0.2455789661135973
    ],
    [
      "ADBE",
      -0.25302942734585054
    ],
    [
      "PFE",
      -0.27303884454479826
    ],
    [
      "UNH",
      -0.27986811743206097
    ],
    [
      "PEP",
      -0.32428501645551194
    ],
    [
      "TGT",
      -0.3260910200328061
    ],
    [
      "TMO",
      -0.3338577573057946
    ],
    [
      "SLB",
      -0.34494934213334305
    ],
    [
      "MRK",
      -0.3650736135094323
    ],
    [
      "NKE",
      -0.405594179074675
    ],
    [
      "UPS",
      -0.40713327160101825
    ],
    [
      "DOW",
      -0.5177232541674955
    ]
  ],