{
  "scan": {
    "strong_cut": 0.33312683469585835,
    "skip_cut": -0.09969935420556594,
    "ranked": [
      [
        "NFLX",
        0.7937052282750116
      ],
      [
        "PM",
        0.7656731023505925
      ],
      [
        "T",
        0.7301501507218038
      ],
      [
        "BK",
        0.5896840898350109
      ],
      [
        "WMT",
        0.5891139782176873
      ],
      [
        "IBM",
        0.5563938628693735
      ],
      [
        "TMUS",
        0.5415781216871804
      ],
      [
        "MO",
        0.5304445129476505
      ],
      [
        "COST",
        0.4882372880424318
      ],
      [
        "GE",
        0.48589992485009487
      ],
      [
        "AVGO",
        0.4684869511540364
      ],
      [
        "MMM",
        0.4140400901626061
      ],
      [
        "JPM",
        0.4108684150733955
      ],
      [
        "V",
        0.38723026534690547
      ],
      [
        "BKNG",
        0.3826003801320022
      ],
      [
        "COF",
        0.35187334554860134
      ],
      [
        "GILD",
        0.3502622415803859
      ],
      [
        "MA",
        0.3473923978243983
      ],
      [
        "WFC",
        0.3396388774105069
      ],
      [
        "RTX",
        0.3383502052319116
      ],
      [
        "GS",
        0.33312683469585835
      ],
      [
        "DUK",
        0.32446639852524034
      ],
      [
        "SO",
        0.3100072930372596
      ],
      [
        "META",
        0.30684195271287334
      ],
      [
        "C",
        0.3059755956215195
      ],
      [
        "AXP",
        0.3056290560808166
      ],
      [
        "ABT",
        0.30488462273184336
      ],
      [
        "VZ",
        0.30349216534820134
      ],
      [
        "NVDA",
        0.283980576967548
      ],
      [
        "TSLA",
        0.2629385059927132
      ],
      [
        "MS",
        0.2611347161224735
      ],
      [
        "KO",
        0.25603781234764794
      ],
      [
        "AIG",
        0.2449710129334471
      ],
      [
        "EXC",
        0.24363318169562598
      ],
      [
        "SPG",
        0.2269660235392998
      ],
      [
        "BLK",
        0.21579348225464537
      ],
      [
        "DE",
        0.20956085895549564
      ],
      [
        "MSFT",
        0.20758537394637322
      ],
      [
        "CSCO",
        0.20684260684004066
      ],
      [
        "AMT",
        0.2007595808922168
      ],
      [
        "CHTR",
        0.18774310610480271
      ],
      [
        "BAC",
        0.1821606915773265
      ],
      [
        "ABBV",
        0.1778637291408537
      ],
      [
        "MCD",
        0.17300425790594437
      ],
      [
        "CVS",
        0.1714456553126785
      ],
      [
        "MET",
        0.1555681158029332
      ],
      [
        "LIN",
        0.15282870390691072
      ],
      [
        "ORCL",
        0.14553800144202972
      ],
      [
        "HON",
        0.1391375953892075
      ],
      [
        "CL",
        0.1348831372034962
      ],
      [
        "AMZN",
        0.09661775898380216
      ],
      [
        "GD",
        0.09261822491042956
      ],
      [
        "DIS",
        0.08780155058460502
      ],
      [
        "LLY",
        0.0861574112770515
      ],
      [
        "HD",
        0.08226219742433277
      ],
      [
        "EMR",
        0.07966264882150029
      ],
      [
        "CRM",
        0.07259555114556643
      ],
      [
        "USB",
        0.05183118875073134
      ],
      [
        "MDT",
        0.04057762031003364
      ],
      [
        "LMT",
        0.038371057038446815
      ],
      [
        "PG",
        0.027650850361171986
      ],
      [
        "AAPL",
        0.025931965563083893
      ],
      [
        "BA",
        0.023013480900950165
      ],
      [
        "PYPL",
        0.021222049166505712
      ],
      [
        "CAT",
        -0.003541735437277052
      ],
      [
        "JNJ",
        -0.004719584256585731
      ],
      [
        "GOOG",
        -0.005457962202312733
      ],
      [
        "GOOGL",
        -0.007985781756672895
      ],
      [
        "APD",
        -0.012404445762202357
      ],
      [
        "NEE",
        -0.01716201191194819
      ],
      [
        "AMGN",
        -0.017297394313443123
      ],
      [
        "MDLZ",
        -0.02518171097251434
      ],
      [
        "QCOM",
        -0.02607906418699201
      ],
      [
        "F",
        -0.034193559385404956
      ],
      [
        "ACN",
        -0.0350721986384913
      ],
      [
        "XOM",
        -0.03783540585905967
      ],
      [
        "LOW",
        -0.04167805901523604
      ],
      [
        "SBUX",
        -0.05702482091712296
      ],
      [
        "UNP",
        -0.06329471062430175
      ],
      [
        "TXN",
        -0.06538340766036624
      ],
      [
        "BMY",
        -0.09969935420556594
      ],
      [
        "CVX",
        -0.12372350874809825
      ],
      [
        "KHC",
        -0.14887711425125455
      ],
      [
        "DD",
        -0.17131828352777523
      ],
      [
        "FDX",
        -0.17195947010475138
      ],
      [
        "CMCSA",
        -0.1874190042841382
      ],
      [
        "DHR",
        -0.2115925303127857
      ],
      [
        "AMD",
        -0.2305736988534204
      ],
      [
        "INTC",
        -0.24221838169214888
      ],
      [
        "COP",
        -0.24557902138376386
      ],
      [
        "ADBE",
        -0.25302942734585054
      ],
      [
        "PFE",
        -0.2730388696006237
      ],
      [
        "UNH",
        -0.27986812685508156
      ],
      [
        "PEP",
        -0.3242850855609076
      ],
      [
        "TGT",
        -0.32609101015060604
      ],
      [
        "TMO",
        -0.3338578245641045
      ],
      [
        "SLB",
        -0.34494931572108134
      ],
      [
        "MRK",
        -0.36507359858632077
      ],
      [
        "NKE",
        -0.40559417866821923
      ],
      [
        "UPS",
        -0.4071333697178385
      ],
      [
        "DOW",
        -0.5177233023619228
      ]
    ],