{
  "strong_cut": 0.333126890414527,
  "skip_cut": -0.09969940341281405,
  "ranked": [
    [
      "NFLX",
      0.7937052282750116
    ],
    [
      "PM",
      0.765673261865585
    ],
    [
      "T",
      0.7301504203057829
    ],
    [
      "BK",
      0.589684157591289
    ],
    [
      "WMT",
      0.5891139159602098
    ],
    [
      "IBM",
      0.5563937416240623
    ],
    [
      "TMUS",
      0.5415782681733621
    ],
    [
      "MO",
      0.530444579521991
    ],
    [
      "COST",
      0.4882370537591516
    ],
    [
      "GE",
      0.4858998505758319
    ],
    [
      "AVGO",
      0.46848707213691443
    ],
    [
      "MMM",
      0.41404018572178825
    ],
    [
      "JPM",
      0.4108685646637236
    ],
    [
      "V",
      0.38723026800766364
    ],
    [
      "BKNG",
      0.3826003898920299
    ],
    [
      "COF",
      0.3518734098950645
    ],
    [
      "GILD",
      0.35026239760528133
    ],
    [
      "MA",
      0.34739244537327524
    ],
    [
      "WFC",
      0.33963880698302146
    ],
    [
      "RTX",
      0.3383501186986221
    ],
    [
      "GS",
      0.333126890414527
    ],
    [
      "DUK",
      0.32446636132427426
    ],
    [
      "SO",
      0.3100073813161566
    ],
    [
      "META",
      0.30684190366388964
    ],
    [
      "C",
      0.30597558194991814
    ],
    [
      "AXP",
      0.3056291536431244
    ],
    [
      "ABT",
      0.3048847959664951
    ],
    [
      "VZ",
      0.30349215393887774
    ],
    [
      "NVDA",
      0.28398057988447095
    ],
    [
      "TSLA",
      0.2629385059927132
    ],
    [
      "MS",
      0.2611347756079605
    ],
    [
      "KO",
      0.25603770536716425
    ],
    [
      "AIG",
      0.2449708604282992
    ],
    [
      "EXC",
      0.24363322169436435
    ],
    [
      "SPG",
      0.22696605201528885
    ],
    [
      "BLK",
      0.21579361657338203
    ],
    [
      "DE",
      0.2095608461787978
    ],
    [
      "MSFT",
      0.20758538233079793
    ],
    [
      "CSCO",
      0.20684266369904525
    ],
    [
      "AMT",
      0.20075957611224116
    ],
    [
      "CHTR",
      0.18774310610480271
    ],
    [
      "BAC",
      0.18216078092082627
    ],
    [
      "ABBV",
      0.1778637022433798
    ],
    [
      "MCD",
      0.17300437001094293
    ],
    [
      "CVS",
      0.17144561206528194
    ],
    [
      "MET",
      0.15556824105089023
    ],
    [
      "LIN",
      0.15282879846513012
    ],
    [
      "ORCL",
      0.14553801592564258
    ],
    [
      "HON",
      0.1391375868158719
    ],
    [
      "CL",
      0.13488288597930637
    ],
    [
      "AMZN",
      0.09661775898380216
    ],
    [
      "GD",
      0.09261827019046637
    ],
    [
      "DIS",
      0.08780158825887292
    ],
    [
      "LLY",
      0.08615742444739503
    ],
    [
      "HD",
      0.0822622961266539
    ],
    [
      "EMR",
      0.07966262369719347
    ],
    [
      "CRM",
      0.07259551446648022
    ],
    [
      "USB",
      0.05183110582622119
    ],
    [
      "MDT",
      0.04057758110553005
    ],
    [
      "LMT",
      0.03837113852031805
    ],
    [
      "PG",
      0.027650810852871806
    ],
    [
      "AAPL",
      0.025931930643828642
    ],
    [
      "BA",
      0.023013480900950165
    ],
    [
      "PYPL",
      0.021222049166505712
    ],
    [
      "CAT",
      -0.003541726787934754
    ],
    [
      "JNJ",
      -0.004719474766416213
    ],
    [
      "GOOG",
      -0.005457878581265327
    ],
    [
      "GOOGL",
      -0.007985740368294879
    ],
    [
      "APD",
      -0.012404511250057423
    ],
    [
      "NEE",
      -0.017162042510062644
    ],
    [
      "AMGN",
      -0.017297451954655898
    ],
    [
      "MDLZ",
      -0.025181682608843653
    ],
    [
      "QCOM",
      -0.02607908360538972
    ],
    [
      "F",
      -0.034193561344215626
    ],
    [
      "ACN",
      -0.03507224798798746
    ],
    [
      "XOM",
      -0.037835449618124295
    ],
    [
      "LOW",
      -0.04167803387107999
    ],
    [
      "SBUX",
      -0.05702483617493242
    ],
    [
      "UNP",
      -0.06329475221906102
    ],
    [
      "TXN",
      -0.06538343402652644
    ],
    [
      "BMY",
      -0.09969940341281405
    ],
    [
      "CVX",
      -0.12372349911294449
    ],
    [
      "KHC",
      -0.14887706869415554
    ],
    [
      "DD",
      -0.17131828720004985
    ],
    [
      "FDX",
      -0.1719595190375587
    ],
    [
      "CMCSA",
      -0.18741900885301088
    ],
    [
      "DHR",
      -0.2115925336286771
    ],
    [
      "AMD",
      -0.2305736988534204
    ],
    [
      "INTC",
      -0.242218355058963
    ],
    [
      "COP",
      -0.24557897203508894
    ],
    [
      "ADBE",
      -0.25302942734585054
    ],
    [
      "PFE",
      -0.2730388259804752
    ],
    [
      "UNH",
      -0.2798681163313857
    ],
    [
      "PEP",
      -0.32428510683145095
    ],
    [
      "TGT",
      -0.3260909981359811
    ],
    [
      "TMO",
      -0.3338577778038348
    ],
    [
      "SLB",
      -0.3449493263976987
    ],
    [
      "MRK",
      -0.3650736746618912
    ],
    [
      "NKE",
      -0.4055941777404284
    ],
    [
      "UPS",
      -0.4071332547159424
    ],
    [
      "DOW",
      -0.517723251675696
    ]
  ],