{
  "scan": {
    "strong_cut": 0.3331268506242023,
    "skip_cut": -0.0996993926855598,
    "ranked": [
      [
        "NFLX",
        0.7937052282750116
      ],
      [
        "PM",
        0.7656731308013576
      ],
      [
        "T",
        0.7301501735363931
      ],
      [
        "BK",
        0.5896837850555569
      ],
      [
        "WMT",
        0.5891139477501715
      ],
      [
        "IBM",
        0.5563938052030697
      ],
      [
        "TMUS",
        0.5415783506347657
      ],
      [
        "MO",
        0.5304445602161488
      ],
      [
        "COST",
        0.48823700641385553
      ],
      [
        "GE",
        0.48589996432249855
      ],
      [
        "AVGO",
        0.46848703571928696
      ],
      [
        "MMM",
        0.41404018722695274
      ],
      [
        "JPM",
        0.41086852347089836
      ],
      [
        "V",
        0.38723039394516806
      ],
      [
        "BKNG",
        0.3826004475094408
      ],
      [
        "COF",
        0.35187335508048173
      ],
      [
        "GILD",
        0.3502622540674839
      ],
      [
        "MA",
        0.34739220938820664
      ],
      [
        "WFC",
        0.33963885354053225
      ],
      [
        "RTX",
        0.33835023589928914
      ],
      [
        "GS",
        0.3331268506242023
      ],
      [
        "DUK",
        0.32446620381086233
      ],
      [
        "SO",
        0.31000709513688957
      ],
      [
        "META",
        0.30684189726290234
      ],
      [
        "C",
        0.30597547430356825
      ],
      [
        "AXP",
        0.30562905524073053
      ],
      [
        "ABT",
        0.30488463988251296
      ],
      [
        "VZ",
        0.30349216476759217
      ],
      [
        "NVDA",
        0.28398055649928844
      ],
      [
        "TSLA",
        0.2629385059927132
      ],
      [
        "MS",
        0.2611348259718082
      ],
      [
        "KO",
        0.25603787215586193
      ],
      [
        "AIG",
        0.24497082834069306
      ],
      [
        "EXC",
        0.24363326294143547
      ],
      [
        "SPG",
        0.22696609286556563
      ],
      [
        "BLK",
        0.2157934918491527
      ],
      [
        "DE",
        0.20956091613126632
      ],
      [
        "MSFT",
        0.20758528847562852
      ],
      [
        "CSCO",
        0.2068426341029867
      ],
      [
        "AMT",
        0.20075955953827668
      ],
      [
        "CHTR",
        0.18774310610480271
      ],
      [
        "BAC",
        0.18216073662251558
      ],
      [
        "ABBV",
        0.17786371594044373
      ],
      [
        "MCD",
        0.17300437592710594
      ],
      [
        "CVS",
        0.17144571661475697
      ],
      [
        "MET",
        0.15556814632284993
      ],
      [
        "LIN",
        0.15282866988342284
      ],
      [
        "ORCL",
        0.14553793889285763
      ],
      [
        "HON",
        0.13913753240017973
      ],
      [
        "CL",
        0.13488287291064815
      ],
      [
        "AMZN",
        0.09661775898380216
      ],
      [
        "GD",
        0.09261823021874616
      ],
      [
        "DIS",
        0.08780157057757623
      ],
      [
        "LLY",
        0.08615749961939553
      ],
      [
        "HD",
        0.08226227490129637
      ],
      [
        "EMR",
        0.07966268688918729
      ],
      [
        "CRM",
        0.07259549222645642
      ],
      [
        "USB",
        0.05183117611759869
      ],
      [
        "MDT",
        0.04057759107615631
      ],
      [
        "LMT",
        0.038371088447551424
      ],
      [
        "PG",
        0.027650850578751336
      ],
      [
        "AAPL",
        0.02593199548728161
      ],
      [
        "BA",
        0.023013480900950165
      ],
      [
        "PYPL",
        0.021222049166505712
      ],
      [
        "CAT",
        -0.003541632740992562
      ],
      [
        "JNJ",
        -0.004719662970650077
      ],
      [
        "GOOG",
        -0.0054578866005175475
      ],
      [
        "GOOGL",
        -0.007985789448560245
      ],
      [
        "APD",
        -0.012404369345005939
      ],
      [
        "NEE",
        -0.017161941865176413
      ],
      [
        "AMGN",
        -0.017297406278556884
      ],
      [
        "MDLZ",
        -0.025181720140878237
      ],
      [
        "QCOM",
        -0.02607907551903072
      ],
      [
        "F",
        -0.034193575332194207
      ],
      [
        "ACN",
        -0.035072152893163525
      ],
      [
        "XOM",
        -0.037835437703578674
      ],
      [
        "LOW",
        -0.04167806071930609
      ],
      [
        "SBUX",
        -0.057024825409009286
      ],
      [
        "UNP",
        -0.06329471481936465
      ],
      [
        "TXN",
        -0.06538337491462279
      ],
      [
        "BMY",
        -0.0996993926855598
      ],
      [
        "CVX",
        -0.1237234168508546
      ],
      [
        "KHC",
        -0.14887701782195903
      ],
      [
        "DD",
        -0.17131825281855564
      ],
      [
        "FDX",
        -0.1719594529219963
      ],
      [
        "CMCSA",
        -0.18741904105338042
      ],
      [
        "DHR",
        -0.21159254184744786
      ],
      [
        "AMD",
        -0.2305736988534204
      ],
      [
        "INTC",
        -0.24221834937195613
      ],
      [
        "COP",
        -0.24557896873186963
      ],
      [
        "ADBE",
        -0.25302942734585054
      ],
      [
        "PFE",
        -0.27303895147089513
      ],
      [
        "UNH",
        -0.27986805126221065
      ],
      [
        "PEP",
        -0.3242850520898041
      ],
      [
        "TGT",
        -0.3260910204169875
      ],
      [
        "TMO",
        -0.3338578973313349
      ],
      [
        "SLB",
        -0.3449493107604549
      ],
      [
        "MRK",
        -0.3650736985170048
      ],
      [
        "NKE",
        -0.40559420501553145
      ],
      [
        "UPS",
        -0.4071331803534198
      ],
      [
        "DOW",
        -0.5177232492592021
      ]
    ],