{
  "strong_cut": 0.33312684814979066,
  "skip_cut": -0.0996993076026998,
  "ranked": [
    [
      "NFLX",
      0.7937052282750116
    ],
    [
      "PM",
      0.765673196167307
    ],
    [
      "T",
      0.7301502396443518
    ],
    [
      "BK",
      0.5896840170696616
    ],
    [
      "WMT",
      0.5891138634963468
    ],
    [
      "IBM",
      0.5563938372843691
    ],
    [
      "TMUS",
      0.5415783300714045
    ],
    [
      "MO",
      0.5304445675277354
    ],
    [
      "COST",
      0.4882370119647905
    ],
    [
      "GE",
      0.4858999813571528
    ],
    [
      "AVGO",
      0.4684870508937765
    ],
    [
      "MMM",
      0.4140401082855913
    ],
    [
      "JPM",
      0.4108684263341862
    ],
    [
      "V",
      0.3872304243386055
    ],
    [
      "BKNG",
      0.38260039635923404
    ],
    [
      "COF",
      0.3518733682820377
    ],
    [
      "GILD",
      0.35026235563307645
    ],
    [
      "MA",
      0.3473923391836035
    ],
    [
      "WFC",
      0.3396387850091675
    ],
    [
      "RTX",
      0.3383501377039544
    ],
    [
      "GS",
      0.33312684814979066
    ],
    [
      "DUK",
      0.3244662133969013
    ],
    [
      "SO",
      0.3100074954598126
    ],
    [
      "META",
      0.30684199131901196
    ],
    [
      "C",
      0.30597549763622034
    ],
    [
      "AXP",
      0.30562914266361435
    ],
    [
      "ABT",
      0.30488470814894914
    ],
    [
      "VZ",
      0.3034921714911312
    ],
    [
      "NVDA",
      0.2839805601777839
    ],
    [
      "TSLA",
      0.2629385059927132
    ],
    [
      "MS",
      0.26113481335446814
    ],
    [
      "KO",
      0.2560378110383586
    ],
    [
      "AIG",
      0.24497084727986077
    ],
    [
      "EXC",
      0.24363322730025863
    ],
    [
      "SPG",
      0.22696605988133067
    ],
    [
      "BLK",
      0.21579347553224218
    ],
    [
      "DE",
      0.20956087972068405
    ],
    [
      "MSFT",
      0.20758536000337124
    ],
    [
      "CSCO",
      0.20684267245085428
    ],
    [
      "AMT",
      0.2007595886121662
    ],
    [
      "CHTR",
      0.18774310610480271
    ],
    [
      "BAC",
      0.18216072639039183
    ],
    [
      "ABBV",
      0.17786370849773983
    ],
    [
      "MCD",
      0.17300435064833836
    ],
    [
      "CVS",
      0.17144556831801655
    ],
    [
      "MET",
      0.15556822860802727
    ],
    [
      "LIN",
      0.15282864404585156
    ],
    [
      "ORCL",
      0.14553802061556942
    ],
    [
      "HON",
      0.13913754419345176
    ],
    [
      "CL",
      0.13488306078919127
    ],
    [
      "AMZN",
      0.09661775898380216
    ],
    [
      "GD",
      0.09261835760880797
    ],
    [
      "DIS",
      0.0878015825134906
    ],
    [
      "LLY",
      0.08615754278162407
    ],
    [
      "HD",
      0.08226220388635316
    ],
    [
      "EMR",
      0.07966268659171317
    ],
    [
      "CRM",
      0.07259559369665035
    ],
    [
      "USB",
      0.05183110942675166
    ],
    [
      "MDT",
      0.04057767355080141
    ],
    [
      "LMT",
      0.038371032666903324
    ],
    [
      "PG",
      0.027650930142042673
    ],
    [
      "AAPL",
      0.025931963887719435
    ],
    [
      "BA",
      0.023013480900950165
    ],
    [
      "PYPL",
      0.021222049166505712
    ],
    [
      "CAT",
      -0.003541722314908624
    ],
    [
      "JNJ",
      -0.00471962427863621
    ],
    [
      "GOOG",
      -0.00545791291995347
    ],
    [
      "GOOGL",
      -0.007985810477496212
    ],
    [
      "APD",
      -0.012404411208438139
    ],
    [
      "NEE",
      -0.017161955768220303
    ],
    [
      "AMGN",
      -0.017297450520896995
    ],
    [
      "MDLZ",
      -0.02518175468428403
    ],
    [
      "QCOM",
      -0.026079004804817306
    ],
    [
      "F",
      -0.034193576228570874
    ],
    [
      "ACN",
      -0.03507231557214843
    ],
    [
      "XOM",
      -0.03783537720221243
    ],
    [
      "LOW",
      -0.04167806123915613
    ],
    [
      "SBUX",
      -0.05702483455992622
    ],
    [
      "UNP",
      -0.0632947141721615
    ],
    [
      "TXN",
      -0.06538346046493744
    ],
    [
      "BMY",
      -0.0996993076026998
    ],
    [
      "CVX",
      -0.12372351018073154
    ],
    [
      "KHC",
      -0.14887714110428157
    ],
    [
      "DD",
      -0.17131818131569748
    ],
    [
      "FDX",
      -0.1719595596113842
    ],
    [
      "CMCSA",
      -0.18741894675548987
    ],
    [
      "DHR",
      -0.21159254859427765
    ],
    [
      "AMD",
      -0.2305736988534204
    ],
    [
      "INTC",
      -0.2422183461531956
    ],
    [
      "COP",
      -0.24557893018071597
    ],
    [
      "ADBE",
      -0.25302942734585054
    ],
    [
      "PFE",
      -0.27303891438378874
    ],
    [
      "UNH",
      -0.27986814170498325
    ],
    [
      "PEP",
      -0.3242849879234865
    ],
    [
      "TGT",
      -0.3260909875597371
    ],
    [
      "TMO",
      -0.3338578512552035
    ],
    [
      "SLB",
      -0.34494930536408475
    ],
    [
      "MRK",
      -0.36507354173523343
    ],
    [
      "NKE",
      -0.4055941846218003
    ],
    [
      "UPS",
      -0.40713338960641204
    ],
    [
      "DOW",
      -0.5177232681789895
    ]
  ],
  "classifications": {
    "AAPL": "default",
    "ABBV": "default",
    "ABT": "default",
    "ACN": "default",
    "ADBE": "skip",
    "AIG": "default",
    "AMD": "skip",
    "AMGN": "default",
    "AMT": "default",
    "AMZN": "default",
    "APD": "default",
    "AVGO": "strong",
    "AXP": "default",
    "BA": "default",
    "BAC": "default",
    "BK": "strong",
    "BKNG": "strong",
    "BLK": "default",
    "BMY": "default",
    "C": "default",
    "CAT": "default",
    "CHTR": "default",
    "CL": "default",
    "CMCSA": "skip",
    "COF": "strong",
    "COP": "skip",
    "COST": "strong",
    "CRM": "default",
    "CSCO": "default",
    "CVS": "default",
    "CVX": "skip",
    "DD": "skip",
    "DE": "default",
    "DHR": "skip",
    "DIS": "default",
    "DOW": "skip",
    "DUK": "default",
    "EMR": "default",
    "EXC": "default",
    "F": "default",
    "FDX": "skip",
    "GD": "default",
    "GE": "strong",
    "GILD": "strong",
    "GOOG": "default",
    "GOOGL": "default",
    "GS": "strong",
    "HD": "default",
    "HON": "default",
    "IBM": "strong",
    "INTC": "skip",
    "JNJ": "default",
    "JPM": "strong",
    "KHC": "skip",
    "KO": "default",
    "LIN": "default",
    "LLY": "default",
    "LMT": "default",
    "LOW": "default",
    "MA": "strong",
    "MCD": "default",
    "MDLZ": "default",
    "MDT": "default",
    "MET": "default",
    "META": "default",
    "MMM": "strong",
    "MO": "strong",
    "MRK": "skip",
    "MS": "default",
    "MSFT": "default",
    "NEE": "default",
    "NFLX": "strong",
    "NKE": "skip",
    "NVDA": "default",
    "ORCL": "default",
    "PEP": "skip",
    "PFE": "skip",
    "PG": "default",
    "PM": "strong",
    "PYPL": "default",
    "QCOM": "default",
    "RTX": "strong",
    "SBUX": "default",
    "SLB": "skip",
    "SO": "default",
    "SPG": "default",
    "T": "strong",
    "TGT": "skip",
    "TMO": "skip",
    "TMUS": "strong",
    "TSLA": "default",
    "TXN": "default",
    "UNH": "skip",
    "UNP": "default",
    "UPS": "skip",
    "USB": "default",
    "V": "strong",
    "VZ": "default",
    "WFC": "strong",
    "WMT": "strong",
    "XOM": "default"
  }
}