{
  "strong_cut": 0.33312683851896335,
  "skip_cut": -0.09969936126264847,
  "ranked": [
    [
      "NFLX",
      0.7937052282750116
    ],
    [
      "PM",
      0.7656731828788148
    ],
    [
      "T",
      0.7301501399309303
    ],
    [
      "BK",
      0.5896841095275169
    ],
    [
      "WMT",
      0.5891138586817297
    ],
    [
      "IBM",
      0.5563938535593955
    ],
    [
      "TMUS",
      0.541578275025173
    ],
    [
      "MO",
      0.530444659337705
    ],
    [
      "COST",
      0.4882370806634843
    ],
    [
      "GE",
      0.48589990640057473
    ],
    [
      "AVGO",
      0.4684870060401958
    ],
    [
      "MMM",
      0.4140401970530205
    ],
    [
      "JPM",
      0.41086849137421855
    ],
    [
      "V",
      0.3872303146349387
    ],
    [
      "BKNG",
      0.3826004379991546
    ],
    [
      "COF",
      0.35187328695054226
    ],
    [
      "GILD",
      0.3502622858750699
    ],
    [
      "MA",
      0.3473922211466473
    ],
    [
      "WFC",
      0.33963882701385645
    ],
    [
      "RTX",
      0.3383501804590118
    ],
    [
      "GS",
      0.33312683851896335
    ]
  ],
  "aggressive_ranked": [
    [
      "PM",
      0.3840933845340358
    ],
    [
      "NFLX",
      0.3801591931030451
    ],
    [
      "T",
      0.35694704481277517
    ],
    [
      "GE",
      0.3165922704920887
    ],
    [
      "BK",
      0.3110761536393521
    ],
    [
      "MO",
      0.29880645054715604
    ],
    [
      "WMT",
      0.27363834404159193
    ],
    [
      "COST",
      0.26896163658759875
    ],
    [
      "IBM",
      0.25907298400465917
    ],
    [
      "TMUS",
      0.22895479559198845
    ],
    [
      "BKNG",
      0.21847957932804207
    ],
    [
      "MA",
      0.2116357404259581
    ],
    [
      "JPM",
      0.2035530612759042
    ],
    [
      "V",
      0.20271214770216175
    ],
    [
      "DUK",
      0.1931390410864145
    ],
    [
      "VZ",
      0.1928035166319435
    ],
    [
      "SO",
      0.19262504805544398
    ],
    [
      "WFC",
      0.18598225308935099
    ],
    [
      "AVGO",
      0.184286791827431
    ],
    [
      "MSFT",
      0.18361113201620827
    ],
    [
      "C",
      0.18014802150976597
    ],
    [
      "AXP",
      0.17605250291702756
    ],
    [
      "GS",
      0.1660486209408743
    ],
    [
      "AIG",
      0.16394414655808456
    ],
    [
      "COF",
      0.16358117733114766
    ],
    [
      "RTX",
      0.16229876718923494
    ],
    [
      "ABT",
      0.1554614283905046
    ],
    [
      "KO",
      0.15306769123201697
    ],
    [
      "NVDA",
      0.15127285480351685
    ],
    [
      "MMM",
      0.14721917910814117
    ],
    [
      "SPG",
      0.14514716083115992
    ],
    [
      "BAC",
      0.12902610735373443
    ],
    [
      "AMT",
      0.12848079093188658
    ],
    [
      "MS",
      0.12058344733916568
    ],
    [
      "META",
      0.11990691572102852
    ],
    [
      "CL",
      0.11921889050300104
    ],
    [
      "BLK",
      0.11863144676177928
    ],
    [
      "GD",
      0.1076907926309941
    ],
    [
      "ABBV",
      0.10748706160409169
    ],
    [
      "HON",
      0.10556817135181551
    ],
    [
      "EXC",
      0.1050170543135225
    ],
    [
      "LIN",
      0.0999446860702362
    ],
    [
      "DIS",
      0.09681917896523329
    ],
    [
      "DE",
      0.09615583014578996
    ],
    [
      "CHTR",
      0.08830340144769655
    ],
    [
      "MCD",
      0.08690133982198509
    ],
    [
      "MET",
      0.08376730590413582
    ],
    [
      "GILD",
      0.06528674403107002
    ],
    [
      "CSCO",
      0.0627297021299075
    ],
    [
      "EMR",
      0.06018352188890612
    ],
    [
      "ORCL",
      0.05909502662887512
    ],
    [
      "LMT",
      0.05743491618995933
    ],
    [
      "CRM",
      0.05323346914375793
    ],
    [
      "F",
      0.05219422474626503
    ],
    [
      "LLY",
      0.05143428144712063
    ],
    [
      "USB",
      0.04853720334528705
    ],
    [
      "CAT",
      0.04694797712237864
    ],
    [
      "AMZN",
      0.0410984864299047
    ],
    [
      "HD",
      0.03987881075551046
    ],
    [
      "PYPL",
      0.03962968186361727
    ],
    [
      "CVS",
      0.03473431070377706
    ],
    [
      "BA",
      0.02862809579403909
    ],
    [
      "QCOM",
      0.019718427312175622
    ],
    [
      "MDLZ",
      0.018371641117034695
    ],
    [
      "NEE",
      0.01482598288737056
    ],
    [
      "PG",
      0.012625075365060934
    ],
    [
      "MDT",
      0.001638865026119235
    ],
    [
      "XOM",
      -0.0027976924387595054
    ],
    [
      "JNJ",
      -0.010007476775520106
    ],
    [
      "GOOGL",
      -0.013593313661596843
    ],
    [
      "GOOG",
      -0.013685050241237375
    ],
    [
      "TSLA",
      -0.015410258085932216
    ],
    [
      "AAPL",
      -0.016613376506507772
    ],
    [
      "AMGN",
      -0.01698626025942183
    ],
    [
      "LOW",
      -0.018012088233259727
    ],
    [
      "TXN",
      -0.02733768303824233
    ],
    [
      "AMD",
      -0.03310976943115675
    ],
    [
      "ACN",
      -0.03705561127768149
    ],
    [
      "DD",
      -0.04782946282379714
    ],
    [
      "APD",
      -0.048424536041499835
    ],
    [
      "UNP",
      -0.04869159784033941
    ],
    [
      "KHC",
      -0.06266683165955775
    ],
    [
      "DHR",
      -0.0740954267135581
    ],
    [
      "FDX",
      -0.08689132188669893
    ],
    [
      "INTC",
      -0.0909477151628238
    ],
    [
      "CVX",
      -0.09356408667590047
    ],
    [
      "ADBE",
      -0.10011103616493437
    ],
    [
      "CMCSA",
      -0.10335198972830932
    ],
    [
      "COP",
      -0.12118268752868691
    ],
    [
      "TGT",
      -0.14074205185406136
    ],
    [
      "SBUX",
      -0.14554650746097314
    ],
    [
      "PFE",
      -0.1626459396306991
    ],
    [
      "BMY",
      -0.1735934456443811
    ],
    [
      "MRK",
      -0.1820520639789483
    ],
    [
      "NKE",
      -0.20640239218039544
    ],
    [
      "PEP",
      -0.20766955891452016
    ],
    [
      "SLB",
      -0.2193683508840751
    ],
    [
      "UPS",
      -0.2227372000282744
    ],
    [
      "TMO",
      -0.2269296537254683
    ],
    [
      "DOW",
      -0.2591526336818903
    ],
    [
      "UNH",
      -0.29966458768939386
    ]
  ],
  "classifications": {
    "AAPL": "default",
    "ABBV": "default",
    "ABT": "default",
    "ACN": "default",
    "ADBE": "skip",
    "AIG": "default",
    "AMD": "skip",
    "AMGN": "default",
    "AMT": "default",
    "AMZN": "default",
    "APD": "default",
    "AVGO": "strong",
    "AXP": "default",
    "BA": "default",
    "BAC": "default",
    "BK": "strong",
    "BKNG": "strong",
    "BLK": "default",
    "BMY": "default",
    "C": "default",
    "CAT": "default",
    "CHTR": "default",
    "CL": "default",
    "CMCSA": "skip",
    "COF": "strong",
    "COP": "skip",
    "COST": "strong",
    "CRM": "default",
    "CSCO": "default",
    "CVS": "default",
    "CVX": "skip",
    "DD": "skip",
    "DE": "default",
    "DHR": "skip",
    "DIS": "default",
    "DOW": "skip",
    "DUK": "default",
    "EMR": "default",
    "EXC": "default",
    "F": "default",
    "FDX": "skip",
    "GD": "default",
    "GE": "strong",
    "GILD": "strong",
    "GOOG": "default",
    "GOOGL": "default",
    "GS": "strong",
    "HD": "default",
    "HON": "default",
    "IBM": "strong",
    "INTC": "skip",
    "JNJ": "default",
    "JPM": "strong",
    "KHC": "skip",
    "KO": "default",
    "LIN": "default",
    "LLY": "default",
    "LMT": "default",
    "LOW": "default",
    "MA": "strong",
    "MCD": "default",
    "MDLZ": "default",
    "MDT": "default",
    "MET": "default",
    "META": "default",
    "MMM": "strong",
    "MO": "strong",
    "MRK": "skip",
    "MS": "default",
    "MSFT": "default",