{
  "strong_cut": 0.33312686389307095,
  "skip_cut": -0.09969939197138122,
  "ranked": [
    [
      "NFLX",
      0.7937052282750116
    ],
    [
      "PM",
      0.7656731873765119
    ],
    [
      "T",
      0.7301504020973881
    ],
    [
      "BK",
      0.5896838877205945
    ],
    [
      "WMT",
      0.5891137713376992
    ],
    [
      "IBM",
      0.5563939051115537
    ],
    [
      "TMUS",
      0.5415784118737379
    ],
    [
      "MO",
      0.5304445672476777
    ],
    [
      "COST",
      0.4882370409852016
    ],
    [
      "GE",
      0.4858998377831158
    ],
    [
      "AVGO",
      0.46848704435666777
    ],
    [
      "MMM",
      0.4140401811515291
    ],
    [
      "JPM",
      0.410868583140953
    ],
    [
      "V",
      0.38723018449243446
    ],
    [
      "BKNG",
      0.38260041277491474
    ],
    [
      "COF",
      0.3518733964856818
    ],
    [
      "GILD",
      0.3502623229967779
    ],
    [
      "MA",
      0.34739227689842567
    ],
    [
      "WFC",
      0.3396389097644171
    ],
    [
      "RTX",
      0.3383501396092865
    ],
    [
      "GS",
      0.33312686389307095
    ],
    [
      "DUK",
      0.3244661536007451
    ],
    [
      "SO",
      0.31000714606374147
    ],
    [
      "META",
      0.3068419602531586
    ],
    [
      "C",
      0.30597563812116085
    ],
    [
      "AXP",
      0.3056290813336711
    ],
    [
      "ABT",
      0.30488468510621436
    ],
    [
      "VZ",
      0.30349216284390457
    ],
    [
      "NVDA",
      0.2839806215709118
    ],
    [
      "TSLA",
      0.2629385059927132
    ],
    [
      "MS",
      0.2611347250454458
    ],
    [
      "KO",
      0.2560378002329439
    ],
    [
      "AIG",
      0.24497080829705123
    ],
    [
      "EXC",
      0.24363331503298677
    ],
    [
      "SPG",
      0.22696616169670303
    ],
    [
      "BLK",
      0.21579348289915484
    ],
    [
      "DE",
      0.209560841689342
    ],
    [
      "MSFT",
      0.20758532723682832
    ],
    [
      "CSCO",
      0.20684264376443312
    ],
    [
      "AMT",
      0.2007594915057695
    ],
    [
      "CHTR",
      0.18774310610480271
    ],
    [
      "BAC",
      0.18216075344627464
    ],
    [
      "ABBV",
      0.17786367711942036
    ],
    [
      "MCD",
      0.1730043878861014
    ],
    [
      "CVS",
      0.17144562579820016
    ],
    [
      "MET",
      0.15556822593679825
    ],
    [
      "LIN",
      0.15282873306705702
    ],
    [
      "ORCL",
      0.1455379950339858
    ],
    [
      "HON",
      0.1391375307886857
    ],
    [
      "CL",
      0.13488299099625028
    ],
    [
      "AMZN",
      0.09661775898380216
    ],
    [
      "GD",
      0.09261824185571771
    ],
    [
      "DIS",
      0.08780155088301336
    ],
    [
      "LLY",
      0.08615750255659044
    ],
    [
      "HD",
      0.08226220193155134
    ],
    [
      "EMR",
      0.07966267533465674
    ],
    [
      "CRM",
      0.07259558134784623
    ],
    [
      "USB",
      0.051831133931159526
    ],
    [
      "MDT",
      0.04057762046638167
    ],
    [
      "LMT",
      0.0383710995672413
    ],
    [
      "PG",
      0.027650887352539927
    ],
    [
      "AAPL",
      0.025931915023525938
    ],
    [
      "BA",
      0.023013480900950165
    ],
    [
      "PYPL",
      0.021222049166505712
    ],
    [
      "CAT",
      -0.0035417588155167296
    ],
    [
      "JNJ",
      -0.004719489350966145
    ],
    [
      "GOOG",
      -0.005457860127851502
    ],
    [
      "GOOGL",
      -0.007985747954043144
    ],
    [
      "APD",
      -0.012404497503721815
    ],
    [
      "NEE",
      -0.01716189365564267
    ],
    [
      "AMGN",
      -0.017297483331815282
    ],
    [
      "MDLZ",
      -0.02518163360338849
    ],
    [
      "QCOM",
      -0.026079069773893133
    ],
    [
      "F",
      -0.0341935807804811
    ],
    [
      "ACN",
      -0.03507215300943782
    ],
    [
      "XOM",
      -0.03783539976148509
    ],
    [
      "LOW",
      -0.04167808203426197
    ],
    [
      "SBUX",
      -0.057024798866565515
    ],
    [
      "UNP",
      -0.06329476371471356
    ],
    [
      "TXN",
      -0.06538340063670944
    ],
    [
      "BMY",
      -0.09969939197138122
    ],
    [
      "CVX",
      -0.12372352218065501
    ],
    [
      "KHC",
      -0.14887696890402935
    ],
    [
      "DD",
      -0.17131820769584902
    ],
    [
      "FDX",
      -0.17195944256165258
    ],
    [
      "CMCSA",
      -0.1874190952501701
    ],
    [
      "DHR",
      -0.21159255417069864
    ],
    [
      "AMD",
      -0.2305736988534204
    ],
    [
      "INTC",
      -0.24221835586863832
    ],
    [
      "COP",
      -0.2455789712911613
    ],
    [
      "ADBE",
      -0.25302942734585054
    ],
    [
      "PFE",
      -0.27303890396129676
    ],
    [
      "UNH",
      -0.2798680644873491
    ],
    [
      "PEP",
      -0.3242850716356167
    ],
    [
      "TGT",
      -0.32609105264360827
    ],
    [
      "TMO",
      -0.3338578843367314
    ],
    [
      "SLB",
      -0.3449493399637958
    ],
    [
      "MRK",
      -0.36507361360966345
    ],
    [
      "NKE",
      -0.40559415502337814
    ],
    [
      "UPS",
      -0.4071333061541396
    ],
    [
      "DOW",
      -0.5177233041457618
    ]
  ],