{
  "strong_cut": 0.3331268038884424,
  "skip_cut": -0.09969934551623472,
  "ranked": [
    [
      "NFLX",
      0.7937052282750116
    ],
    [
      "PM",
      0.7656729935419307
    ],
    [
      "T",
      0.7301503022714464
    ],
    [
      "BK",
      0.5896841597598725
    ],
    [
      "WMT",
      0.589114024549545
    ],
    [
      "IBM",
      0.5563939045544182
    ],
    [
      "TMUS",
      0.5415785097026697
    ],
    [
      "MO",
      0.5304447621119168
    ],
    [
      "COST",
      0.4882370932176083
    ],
    [
      "GE",
      0.485899921999187
    ],
    [
      "AVGO",
      0.46848705651195255
    ],
    [
      "MMM",
      0.41404012620926417
    ],
    [
      "JPM",
      0.41086861400320324
    ],
    [
      "V",
      0.38723041749157866
    ],
    [
      "BKNG",
      0.38260042210380185
    ],
    [
      "COF",
      0.35187338532569706
    ],
    [
      "GILD",
      0.3502622709039088
    ],
    [
      "MA",
      0.3473922624669658
    ],
    [
      "WFC",
      0.3396388952040477
    ],
    [
      "RTX",
      0.3383501844460872
    ],
    [
      "GS",
      0.3331268038884424
    ],
    [
      "DUK",
      0.32446626603376794
    ],
    [
      "SO",
      0.3100072629900299
    ],
    [
      "META",
      0.3068419111925066
    ],
    [
      "C",
      0.3059756222794865
    ],
    [
      "AXP",
      0.3056291354473567
    ],
    [
      "ABT",
      0.3048846468958636
    ],
    [
      "VZ",
      0.30349220695404816
    ],
    [
      "NVDA",
      0.28398052779040184
    ],
    [
      "TSLA",
      0.2629385059927132
    ],
    [
      "MS",
      0.26113474451490326
    ],
    [
      "KO",
      0.25603791060193204
    ],
    [
      "AIG",
      0.24497085572383714
    ],
    [
      "EXC",
      0.24363321850854308
    ],
    [
      "SPG",
      0.22696606528432112
    ],
    [
      "BLK",
      0.2157935142506012
    ],
    [
      "DE",
      0.20956080973834712
    ],
    [
      "MSFT",
      0.2075853220426101
    ],
    [
      "CSCO",
      0.20684267727912675
    ],
    [
      "AMT",
      0.20075947896791724
    ],
    [
      "CHTR",
      0.18774310610480271
    ],
    [
      "BAC",
      0.18216078522832735
    ],
    [
      "ABBV",
      0.17786373572983213
    ],
    [
      "MCD",
      0.17300429619407198
    ],
    [
      "CVS",
      0.17144563592887455
    ],
    [
      "MET",
      0.1555681816587603
    ],
    [
      "LIN",
      0.15282861343274268
    ],
    [
      "ORCL",
      0.1455379900556032
    ],
    [
      "HON",
      0.13913755116663712
    ],
    [
      "CL",
      0.13488305971380804
    ],
    [
      "AMZN",
      0.09661775898380216
    ],
    [
      "GD",
      0.0926182918648292
    ],
    [
      "DIS",
      0.08780156757143673
    ],
    [
      "LLY",
      0.08615754984272644
    ],
    [
      "HD",
      0.08226214974517515
    ],
    [
      "EMR",
      0.07966262752668149
    ],
    [
      "CRM",
      0.07259554462582042
    ],
    [
      "USB",
      0.05183106232397432
    ],
    [
      "MDT",
      0.040577531437532066
    ],
    [
      "LMT",
      0.038371064457696724
    ],
    [
      "PG",
      0.027650893276898292
    ],
    [
      "AAPL",
      0.025931932138080725
    ],
    [
      "BA",
      0.023013480900950165
    ],
    [
      "PYPL",
      0.021222049166505712
    ],
    [
      "CAT",
      -0.0035417798840675224
    ],
    [
      "JNJ",
      -0.0047196594460887295
    ],
    [
      "GOOG",
      -0.0054578542589465845
    ],
    [
      "GOOGL",
      -0.007985813028367157
    ],
    [
      "APD",
      -0.012404366552399751
    ],
    [
      "NEE",
      -0.01716202315470926
    ],
    [
      "AMGN",
      -0.017297501449978107
    ],
    [
      "MDLZ",
      -0.025181659829909702
    ],
    [
      "QCOM",
      -0.026079065034270495
    ],
    [
      "F",
      -0.034193547689698386
    ],
    [
      "ACN",
      -0.03507220491897754
    ],
    [
      "XOM",
      -0.037835417300939596
    ],
    [
      "LOW",
      -0.04167804957572448
    ],
    [
      "SBUX",
      -0.05702483001402535
    ],
    [
      "UNP",
      -0.06329466790159405
    ],
    [
      "TXN",
      -0.06538346314471855
    ],
    [
      "BMY",
      -0.09969934551623472
    ],
    [
      "CVX",
      -0.12372355258609843
    ],
    [
      "KHC",
      -0.14887694048751837
    ],
    [
      "DD",
      -0.1713181718299246
    ],
    [
      "FDX",
      -0.17195952836874215
    ],
    [
      "CMCSA",
      -0.18741905666589598
    ],
    [
      "DHR",
      -0.21159257196987127
    ],
    [
      "AMD",
      -0.2305736988534204
    ],
    [
      "INTC",
      -0.242218355058963
    ],
    [
      "COP",
      -0.24557895181445305
    ],
    [
      "ADBE",
      -0.25302942734585054
    ],
    [
      "PFE",
      -0.2730388068241353
    ],
    [
      "UNH",
      -0.2798680868948585
    ],
    [
      "PEP",
      -0.3242849565505581
    ],
    [
      "TGT",
      -0.32609101908956983
    ],
    [
      "TMO",
      -0.33385789419661555
    ],
    [
      "SLB",
      -0.34494925215614997
    ],
    [
      "MRK",
      -0.36507360615784085
    ],
    [
      "NKE",
      -0.40559426574525215
    ],
    [
      "UPS",
      -0.4071333496230352
    ],
    [
      "DOW",
      -0.5177232626234347
    ]
  ],